probe,gene,region,promoter
cgSYN000001,CDKN2A,Body,False
cgSYN000002,CDKN2A,5'UTR,True
cgSYN000003,CDKN2A,Body,False
cgSYN000004,CDKN2A,Body,False
cgSYN000005,CDKN2A,Body,False
cgSYN000006,CDKN2A,1stExon,True
cgSYN000007,CDKN2A,Body,False
cgSYN000008,CDKN2A,Body,False
cgSYN000009,CDKN2A,TSS200,True
cgSYN000010,CDKN2A,TSS1500,True
cgSYN000011,CDKN2A,TSS1500,True
cgSYN000012,CDKN2A,TSS1500,True
cgSYN000013,CDKN2A,TSS200,True
cgSYN000014,CDKN2A,Body,False
cgSYN000015,CDKN2A,TSS1500,True
cgSYN000016,CDKN2A,Body,False
cgSYN000017,CDKN2A,Body,False
cgSYN000018,CDKN2A,Body,False
cgSYN000019,CDKN2A,TSS1500,True
cgSYN000020,CDKN2A,5'UTR,True
cgSYN000021,CDKN2A,TSS200,True
cgSYN000022,CDKN2A,Body,False
cgSYN000023,CDKN2B,TSS200,True
cgSYN000024,CDKN2B,TSS200,True
cgSYN000025,CDKN2B,Body,False
cgSYN000026,CDKN2B,1stExon,True
cgSYN000027,CDKN2B,Body,False
cgSYN000028,CDKN2B,Body,False
cgSYN000029,CDKN2B,1stExon,True
cgSYN000030,CDKN2B,Body,False
cgSYN000031,CDKN2B,5'UTR,True
cgSYN000032,CDKN2B,TSS200,True
cgSYN000033,CDKN2B,TSS1500,True
cgSYN000034,CDKN2B,5'UTR,True
cgSYN000035,CDH1,5'UTR,True
cgSYN000036,CDH1,5'UTR,True
cgSYN000037,CDH1,TSS1500,True
cgSYN000038,CDH1,1stExon,True
cgSYN000039,CDH1,TSS200,True
cgSYN000040,CDH1,Body,False
cgSYN000041,CDH1,TSS200,True
cgSYN000042,CDH1,Body,False
cgSYN000043,CDH1,1stExon,True
cgSYN000044,CDH1,TSS200,True
cgSYN000045,CDH1,TSS200,True
cgSYN000046,CDH1,TSS1500,True
cgSYN000047,MGMT,TSS1500,True
cgSYN000048,MGMT,TSS200,True
cgSYN000049,MGMT,TSS200,True
cgSYN000050,MGMT,5'UTR,True
cgSYN000051,MGMT,TSS200,True
cgSYN000052,MGMT,Body,False
cgSYN000053,MGMT,TSS1500,True
cgSYN000054,MGMT,5'UTR,True
cgSYN000055,MGMT,TSS200,True
cgSYN000056,MGMT,Body,False
cgSYN000057,MGMT,Body,False
cgSYN000058,MGMT,Body,False
cgSYN000059,PAX1,5'UTR,True
cgSYN000060,PAX1,TSS1500,True
cgSYN000061,PAX1,Body,False
cgSYN000062,PAX1,5'UTR,True
cgSYN000063,PAX1,5'UTR,True
cgSYN000064,PAX1,TSS200,True
cgSYN000065,PAX1,5'UTR,True
cgSYN000066,PAX1,TSS200,True
cgSYN000067,PAX1,TSS200,True
cgSYN000068,PAX1,Body,False
cgSYN000069,PAX1,Body,False
cgSYN000070,PAX1,Body,False
cgSYN000071,ZNF583,Body,False
cgSYN000072,ZNF583,5'UTR,True
cgSYN000073,ZNF583,TSS1500,True
cgSYN000074,ZNF583,TSS200,True
cgSYN000075,ZNF583,Body,False
cgSYN000076,ZNF583,TSS1500,True
cgSYN000077,ZNF583,Body,False
cgSYN000078,ZNF583,TSS1500,True
cgSYN000079,ZNF583,TSS200,True
cgSYN000080,ZNF583,Body,False
cgSYN000081,ZNF583,Body,False
cgSYN000082,ZNF583,TSS1500,True
cgSYN000083,ATG5,Body,False
cgSYN000084,ATG5,TSS1500,True
cgSYN000085,ATG5,Body,False
cgSYN000086,ATG5,Body,False
cgSYN000087,ATG5,Body,False
cgSYN000088,ATG5,Body,False
cgSYN000089,ATG5,Body,False
cgSYN000090,ATG5,TSS200,True
cgSYN000091,ATG5,TSS1500,True
cgSYN000092,ATG5,TSS1500,True
cgSYN000093,ATG5,5'UTR,True
cgSYN000094,ATG5,TSS200,True
cgSYN000095,MAP1LC3A,5'UTR,True
cgSYN000096,MAP1LC3A,Body,False
cgSYN000097,MAP1LC3A,Body,False
cgSYN000098,MAP1LC3A,1stExon,True
cgSYN000099,MAP1LC3A,Body,False
cgSYN000100,MAP1LC3A,5'UTR,True
cgSYN000101,MAP1LC3A,TSS200,True
cgSYN000102,MAP1LC3A,TSS1500,True
cgSYN000103,MAP1LC3A,Body,False
cgSYN000104,MAP1LC3A,Body,False
cgSYN000105,MAP1LC3A,TSS1500,True
cgSYN000106,MAP1LC3A,5'UTR,True
cgSYN000107,DAPK1,5'UTR,True
cgSYN000108,DAPK1,Body,False
cgSYN000109,DAPK1,TSS1500,True
cgSYN000110,DAPK1,Body,False
cgSYN000111,DAPK1,TSS1500,True
cgSYN000112,DAPK1,Body,False
cgSYN000113,DAPK1,Body,False
cgSYN000114,DAPK1,TSS200,True
cgSYN000115,DAPK1,TSS200,True
cgSYN000116,DAPK1,TSS1500,True
cgSYN000117,DAPK1,Body,False
cgSYN000118,DAPK1,TSS200,True
cgSYN000119,TP63,TSS1500,True
cgSYN000120,TP63,Body,False
cgSYN000121,TP63,Body,False
cgSYN000122,TP63,5'UTR,True
cgSYN000123,TP63,TSS1500,True
cgSYN000124,TP63,Body,False
cgSYN000125,TP63,TSS1500,True
cgSYN000126,TP63,TSS1500,True
cgSYN000127,TP63,TSS200,True
cgSYN000128,TP63,TSS200,True
cgSYN000129,TP63,Body,False
cgSYN000130,TP63,TSS1500,True
cgSYN000131,TFPI2,1stExon,True
cgSYN000132,TFPI2,Body,False
cgSYN000133,TFPI2,TSS1500,True
cgSYN000134,TFPI2,Body,False
cgSYN000135,TFPI2,Body,False
cgSYN000136,TFPI2,TSS200,True
cgSYN000137,TFPI2,Body,False
cgSYN000138,TFPI2,1stExon,True
cgSYN000139,TFPI2,Body,False
cgSYN000140,TFPI2,1stExon,True
cgSYN000141,TFPI2,TSS1500,True
cgSYN000142,TFPI2,1stExon,True
cgSYN000143,SOX17,5'UTR,True
cgSYN000144,SOX17,1stExon,True
cgSYN000145,SOX17,Body,False
cgSYN000146,SOX17,Body,False
cgSYN000147,SOX17,Body,False
cgSYN000148,SOX17,5'UTR,True
cgSYN000149,SOX17,1stExon,True
cgSYN000150,SOX17,Body,False
cgSYN000151,SOX17,TSS200,True
cgSYN000152,SOX17,Body,False
cgSYN000153,SOX17,Body,False
cgSYN000154,SOX17,Body,False
cgSYN000155,GATA4,Body,False
cgSYN000156,GATA4,Body,False
cgSYN000157,GATA4,TSS200,True
cgSYN000158,GATA4,Body,False
cgSYN000159,GATA4,5'UTR,True
cgSYN000160,GATA4,Body,False
cgSYN000161,GATA4,Body,False
cgSYN000162,GATA4,TSS1500,True
cgSYN000163,GATA4,TSS1500,True
cgSYN000164,GATA4,TSS1500,True
cgSYN000165,GATA4,TSS200,True
cgSYN000166,GATA4,5'UTR,True
cgSYN000167,EGFR,TSS1500,True
cgSYN000168,EGFR,Body,False
cgSYN000169,EGFR,Body,False
cgSYN000170,EGFR,Body,False
cgSYN000171,EGFR,5'UTR,True
cgSYN000172,EGFR,Body,False
cgSYN000173,EGFR,TSS1500,True
cgSYN000174,EGFR,TSS200,True
cgSYN000175,EGFR,TSS1500,True
cgSYN000176,EGFR,TSS200,True
cgSYN000177,EGFR,TSS1500,True
cgSYN000178,EGFR,TSS200,True
cgSYN000179,PTK6,TSS1500,True
cgSYN000180,PTK6,TSS1500,True
cgSYN000181,PTK6,TSS1500,True
cgSYN000182,PTK6,Body,False
cgSYN000183,PTK6,Body,False
cgSYN000184,PTK6,Body,False
cgSYN000185,PTK6,1stExon,True
cgSYN000186,PTK6,Body,False
cgSYN000187,PTK6,TSS200,True
cgSYN000188,PTK6,TSS1500,True
cgSYN000189,PTK6,Body,False
cgSYN000190,PTK6,TSS1500,True
cgSYN000191,AIM2,TSS200,True
cgSYN000192,AIM2,5'UTR,True
cgSYN000193,AIM2,5'UTR,True
cgSYN000194,AIM2,1stExon,True
cgSYN000195,AIM2,Body,False
cgSYN000196,AIM2,TSS1500,True
cgSYN000197,AIM2,TSS200,True
cgSYN000198,AIM2,Body,False
cgSYN000199,AIM2,Body,False
cgSYN000200,AIM2,1stExon,True
cgSYN000201,AIM2,Body,False
cgSYN000202,AIM2,TSS1500,True
cgSYN000203,CCNA1,5'UTR,True
cgSYN000204,CCNA1,Body,False
cgSYN000205,CCNA1,Body,False
cgSYN000206,CCNA1,Body,False
cgSYN000207,CCNA1,Body,False
cgSYN000208,CCNA1,TSS1500,True
cgSYN000209,CCNA1,Body,False
cgSYN000210,CCNA1,Body,False
cgSYN000211,CCNA1,1stExon,True
cgSYN000212,CCNA1,Body,False
cgSYN000213,CCNA1,TSS1500,True
cgSYN000214,CCNA1,TSS1500,True
cgSYN000215,CCNA2,TSS200,True
cgSYN000216,CCNA2,5'UTR,True
cgSYN000217,CCNA2,Body,False
cgSYN000218,CCNA2,Body,False
cgSYN000219,CCNA2,Body,False
cgSYN000220,CCNA2,Body,False
cgSYN000221,CCNA2,Body,False
cgSYN000222,CCNA2,Body,False
cgSYN000223,CCNA2,TSS200,True
cgSYN000224,CCNA2,TSS1500,True
cgSYN000225,CCNA2,5'UTR,True
cgSYN000226,CCNA2,TSS200,True
cgSYN000227,CCNB1,Body,False
cgSYN000228,CCNB1,1stExon,True
cgSYN000229,CCNB1,TSS1500,True
cgSYN000230,CCNB1,TSS1500,True
cgSYN000231,CCNB1,TSS200,True
cgSYN000232,CCNB1,Body,False
cgSYN000233,CCNB1,Body,False
cgSYN000234,CCNB1,Body,False
cgSYN000235,CCNB1,Body,False
cgSYN000236,CCNB1,TSS1500,True
cgSYN000237,CCNB1,TSS1500,True
cgSYN000238,CCNB1,Body,False
cgSYN000239,CCNB2,Body,False
cgSYN000240,CCNB2,1stExon,True
cgSYN000241,CCNB2,TSS200,True
cgSYN000242,CCNB2,TSS200,True
cgSYN000243,CCNB2,TSS200,True
cgSYN000244,CCNB2,TSS200,True
cgSYN000245,CCNB2,TSS1500,True
cgSYN000246,CCNB2,TSS200,True
cgSYN000247,CCNB2,TSS1500,True
cgSYN000248,CCNB2,Body,False
cgSYN000249,CCNB2,Body,False
cgSYN000250,CCNB2,Body,False
cgSYN000251,CXCL9,5'UTR,True
cgSYN000252,CXCL9,TSS1500,True
cgSYN000253,CXCL9,TSS1500,True
cgSYN000254,CXCL9,Body,False
cgSYN000255,CXCL9,TSS1500,True
cgSYN000256,CXCL9,1stExon,True
cgSYN000257,CXCL9,5'UTR,True
cgSYN000258,CXCL9,TSS1500,True
cgSYN000259,CXCL10,TSS200,True
cgSYN000260,CXCL10,TSS200,True
cgSYN000261,CXCL10,TSS200,True
cgSYN000262,CXCL10,1stExon,True
cgSYN000263,CXCL10,5'UTR,True
cgSYN000264,CXCL10,Body,False
cgSYN000265,CXCL10,TSS200,True
cgSYN000266,CXCL10,Body,False
cgSYN000267,CXCL11,TSS1500,True
cgSYN000268,CXCL11,Body,False
cgSYN000269,CXCL11,TSS1500,True
cgSYN000270,CXCL11,TSS1500,True
cgSYN000271,CXCL11,1stExon,True
cgSYN000272,CXCL11,TSS1500,True
cgSYN000273,CXCL11,TSS200,True
cgSYN000274,CXCL11,5'UTR,True
cgSYN000275,IFI6,Body,False
cgSYN000276,IFI6,5'UTR,True
cgSYN000277,IFI6,TSS200,True
cgSYN000278,IFI6,Body,False
cgSYN000279,IFI6,TSS200,True
cgSYN000280,IFI6,Body,False
cgSYN000281,IFI6,TSS1500,True
cgSYN000282,IFI6,TSS1500,True
cgSYN000283,WARS1,5'UTR,True
cgSYN000284,WARS1,Body,False
cgSYN000285,WARS1,TSS200,True
cgSYN000286,WARS1,TSS200,True
cgSYN000287,WARS1,Body,False
cgSYN000288,WARS1,5'UTR,True
cgSYN000289,WARS1,TSS200,True
cgSYN000290,WARS1,TSS1500,True
cgSYN000291,GBP5,5'UTR,True
cgSYN000292,GBP5,TSS200,True
cgSYN000293,GBP5,TSS200,True
cgSYN000294,GBP5,TSS1500,True
cgSYN000295,GBP5,Body,False
cgSYN000296,GBP5,1stExon,True
cgSYN000297,GBP5,5'UTR,True
cgSYN000298,GBP5,Body,False
cgSYN000299,CD74,TSS1500,True
cgSYN000300,CD74,1stExon,True
cgSYN000301,CD74,TSS1500,True
cgSYN000302,CD74,Body,False
cgSYN000303,CD74,TSS1500,True
cgSYN000304,CD74,Body,False
cgSYN000305,CD74,1stExon,True
cgSYN000306,CD74,Body,False
cgSYN000307,STAT1,5'UTR,True
cgSYN000308,STAT1,Body,False
cgSYN000309,STAT1,Body,False
cgSYN000310,STAT1,5'UTR,True
cgSYN000311,STAT1,TSS200,True
cgSYN000312,STAT1,Body,False
cgSYN000313,STAT1,TSS1500,True
cgSYN000314,STAT1,TSS200,True
cgSYN000315,IFI44,Body,False
cgSYN000316,IFI44,5'UTR,True
cgSYN000317,IFI44,TSS1500,True
cgSYN000318,IFI44,Body,False
cgSYN000319,IFI44,Body,False
cgSYN000320,IFI44,5'UTR,True
cgSYN000321,IFI44,TSS1500,True
cgSYN000322,IFI44,Body,False
cgSYN000323,UBE2L6,5'UTR,True
cgSYN000324,UBE2L6,TSS200,True
cgSYN000325,UBE2L6,TSS1500,True
cgSYN000326,UBE2L6,5'UTR,True
cgSYN000327,UBE2L6,5'UTR,True
cgSYN000328,UBE2L6,Body,False
cgSYN000329,UBE2L6,Body,False
cgSYN000330,UBE2L6,Body,False
cgSYN000331,RNF213,1stExon,True
cgSYN000332,RNF213,Body,False
cgSYN000333,RNF213,Body,False
cgSYN000334,RNF213,Body,False
cgSYN000335,RNF213,TSS200,True
cgSYN000336,RNF213,Body,False
cgSYN000337,RNF213,Body,False
cgSYN000338,RNF213,Body,False
cgSYN000339,OAS3,1stExon,True
cgSYN000340,OAS3,TSS200,True
cgSYN000341,OAS3,Body,False
cgSYN000342,OAS3,TSS200,True
cgSYN000343,OAS3,5'UTR,True
cgSYN000344,OAS3,TSS1500,True
cgSYN000345,OAS3,Body,False
cgSYN000346,OAS3,TSS1500,True
cgSYN000347,IFITM3,TSS1500,True
cgSYN000348,IFITM3,Body,False
cgSYN000349,IFITM3,Body,False
cgSYN000350,IFITM3,Body,False
cgSYN000351,IFITM3,Body,False
cgSYN000352,IFITM3,TSS1500,True
cgSYN000353,IFITM3,Body,False
cgSYN000354,IFITM3,TSS200,True
cgSYN000355,BST2,1stExon,True
cgSYN000356,BST2,Body,False
cgSYN000357,BST2,1stExon,True
cgSYN000358,BST2,Body,False
cgSYN000359,BST2,Body,False
cgSYN000360,BST2,Body,False
cgSYN000361,BST2,Body,False
cgSYN000362,BST2,Body,False
cgSYN000363,MX1,TSS200,True
cgSYN000364,MX1,TSS200,True
cgSYN000365,MX1,1stExon,True
cgSYN000366,MX1,TSS200,True
cgSYN000367,MX1,Body,False
cgSYN000368,MX1,TSS200,True
cgSYN000369,MX1,5'UTR,True
cgSYN000370,MX1,5'UTR,True
cgSYN000371,PARP14,TSS200,True
cgSYN000372,PARP14,TSS1500,True
cgSYN000373,PARP14,TSS1500,True
cgSYN000374,PARP14,TSS1500,True
cgSYN000375,PARP14,Body,False
cgSYN000376,PARP14,1stExon,True
cgSYN000377,PARP14,TSS1500,True
cgSYN000378,PARP14,5'UTR,True
cgSYN000379,GBP1,Body,False
cgSYN000380,GBP1,1stExon,True
cgSYN000381,GBP1,Body,False
cgSYN000382,GBP1,TSS1500,True
cgSYN000383,GBP1,Body,False
cgSYN000384,GBP1,5'UTR,True
cgSYN000385,GBP1,TSS1500,True
cgSYN000386,GBP1,1stExon,True
cgSYN000387,EPSTI1,1stExon,True
cgSYN000388,EPSTI1,TSS1500,True
cgSYN000389,EPSTI1,TSS1500,True
cgSYN000390,EPSTI1,TSS1500,True
cgSYN000391,EPSTI1,TSS1500,True
cgSYN000392,EPSTI1,Body,False
cgSYN000393,EPSTI1,Body,False
cgSYN000394,EPSTI1,TSS200,True
cgSYN000395,LY6E,Body,False
cgSYN000396,LY6E,Body,False
cgSYN000397,LY6E,Body,False
cgSYN000398,LY6E,TSS1500,True
cgSYN000399,LY6E,Body,False
cgSYN000400,LY6E,TSS200,True
cgSYN000401,LY6E,5'UTR,True
cgSYN000402,LY6E,TSS200,True
cgSYN000403,LCP1,Body,False
cgSYN000404,LCP1,TSS1500,True
cgSYN000405,LCP1,TSS1500,True
cgSYN000406,LCP1,TSS1500,True
cgSYN000407,LCP1,TSS200,True
cgSYN000408,LCP1,Body,False
cgSYN000409,LCP1,Body,False
cgSYN000410,LCP1,Body,False
cgSYN000411,UBD,Body,False
cgSYN000412,UBD,TSS200,True
cgSYN000413,UBD,Body,False
cgSYN000414,UBD,5'UTR,True
cgSYN000415,UBD,5'UTR,True
cgSYN000416,UBD,5'UTR,True
cgSYN000417,UBD,1stExon,True
cgSYN000418,UBD,5'UTR,True
cgSYN000419,UBD,TSS200,True
cgSYN000420,UBD,Body,False
cgSYN000421,UBD,Body,False
cgSYN000422,UBD,TSS200,True
cgSYN000423,UBD,Body,False
cgSYN000424,XAF1,5'UTR,True
cgSYN000425,XAF1,TSS1500,True
cgSYN000426,XAF1,TSS200,True
cgSYN000427,XAF1,Body,False
cgSYN000428,XAF1,TSS1500,True
cgSYN000429,XAF1,TSS200,True
cgSYN000430,XAF1,5'UTR,True
cgSYN000431,XAF1,1stExon,True
cgSYN000432,C1QC,Body,False
cgSYN000433,C1QC,Body,False
cgSYN000434,C1QC,TSS1500,True
cgSYN000435,C1QC,Body,False
cgSYN000436,C1QC,TSS1500,True
cgSYN000437,C1QC,TSS1500,True
cgSYN000438,C1QC,TSS1500,True
cgSYN000439,C1QC,5'UTR,True
cgSYN000440,TAP1,Body,False
cgSYN000441,TAP1,1stExon,True
cgSYN000442,TAP1,TSS200,True
cgSYN000443,TAP1,Body,False
cgSYN000444,TAP1,Body,False
cgSYN000445,TAP1,TSS1500,True
cgSYN000446,TAP1,TSS1500,True
cgSYN000447,TAP1,Body,False
cgSYN000448,LAPTM5,Body,False
cgSYN000449,LAPTM5,Body,False
cgSYN000450,LAPTM5,TSS1500,True
cgSYN000451,LAPTM5,Body,False
cgSYN000452,LAPTM5,TSS200,True
cgSYN000453,LAPTM5,Body,False
cgSYN000454,LAPTM5,Body,False
cgSYN000455,LAPTM5,TSS1500,True
cgSYN000456,C1QA,TSS1500,True
cgSYN000457,C1QA,Body,False
cgSYN000458,C1QA,Body,False
cgSYN000459,C1QA,Body,False
cgSYN000460,C1QA,Body,False
cgSYN000461,C1QA,Body,False
cgSYN000462,C1QA,5'UTR,True
cgSYN000463,C1QA,Body,False
