matrix_sample_id,Gene,promoter_z
SYN-OED-001,CXCL9,0.33636264761117807
SYN-OED-002,CXCL9,0.3187506751957256
SYN-OED-003,CXCL9,1.3655528693566719
SYN-OED-004,CXCL9,0.3719164188429261
SYN-OED-005,CXCL9,0.0760986555336651
SYN-OED-006,CXCL9,-0.29632450807706195
SYN-OED-007,CXCL9,0.1031483810829289
SYN-OED-008,CXCL9,1.1578995614379732
SYN-OED-009,CXCL9,0.006028689872621598
SYN-OED-010,CXCL9,-0.25938060583314193
SYN-OED-011,CXCL9,-0.5622137116582471
SYN-OED-012,CXCL9,0.07405754156960735
SYN-OED-013,CXCL9,-0.15389953189377975
SYN-OED-014,CXCL9,-1.3640675499595318
SYN-OED-015,CXCL9,1.1929350831915921
SYN-OED-016,CXCL9,0.4769786885711506
SYN-OED-017,CXCL9,1.123066117221031
SYN-OED-018,CXCL9,-0.0037664320212740434
SYN-OED-019,CXCL9,-1.3225422927497268
SYN-OED-020,CXCL9,0.19190303894784513
SYN-OED-021,CXCL9,-0.24724612854796948
SYN-OED-022,CXCL9,2.264036795546506
SYN-OED-023,CXCL9,-0.4519239750230302
SYN-OED-024,CXCL9,-0.6322433278889693
SYN-OED-025,CXCL9,0.18673930236089029
SYN-OED-026,CXCL9,0.7684537687544075
SYN-OED-027,CXCL9,-0.37871223523313297
SYN-OED-028,CXCL9,0.3302429482758729
SYN-OED-029,CXCL9,-0.5458622062414458
SYN-OED-030,CXCL9,0.03420189554033866
SYN-OED-031,CXCL9,-0.023529796386924193
SYN-OED-032,CXCL9,-1.5203528717913957
SYN-OED-033,CXCL9,1.4255962970804976
SYN-OED-034,CXCL9,-2.682802881305789
SYN-OED-035,CXCL9,-0.08131627409445319
SYN-OED-036,CXCL9,-0.11638759433304988
SYN-OED-037,CXCL9,0.20942433099034166
SYN-OED-038,CXCL9,0.8222333484822979
SYN-OED-039,CXCL9,0.13623003724004096
SYN-OED-040,CXCL9,1.1800356379672885
SYN-OED-041,CXCL9,1.431400516899085
SYN-OED-042,CXCL9,-0.11928051219810479
SYN-OED-043,CXCL9,0.4036610487438261
SYN-OED-044,CXCL9,-0.3778754973790266
SYN-OED-045,CXCL9,-2.314045458411893
SYN-OED-046,CXCL9,0.4589309898964693
SYN-OED-047,CXCL9,0.7144033190762994
SYN-OED-048,CXCL9,-1.2746168421346717
SYN-OED-049,CXCL9,-0.16766955790049184
SYN-OED-050,CXCL9,-0.18276366846445805
SYN-OED-051,CXCL9,-0.3263394814563337
SYN-OED-052,CXCL9,0.8648138031276331
SYN-OED-053,CXCL9,-1.123676693200694
SYN-OED-054,CXCL9,1.193656631924405
SYN-OED-055,CXCL9,0.7844757217539648
SYN-OED-056,CXCL9,-0.2345404469097763
SYN-OED-057,CXCL9,0.7291912772600814
SYN-OED-058,CXCL9,0.7520461753756309
SYN-OED-059,CXCL9,0.007802645355293182
SYN-OED-060,CXCL9,0.9217994433149904
SYN-OED-061,CXCL9,-0.13472111030083442
SYN-OED-062,CXCL9,-0.43416563450996737
SYN-OED-063,CXCL9,-1.3060326133531688
SYN-OED-064,CXCL9,0.24049744307042606
SYN-OED-065,CXCL9,1.7999184577257588
SYN-OED-066,CXCL9,-0.583205813608158
SYN-OED-067,CXCL9,1.2111868317688101
SYN-OED-068,CXCL9,-0.9230977819191355
SYN-OED-069,CXCL9,-0.2237556379822756
SYN-OED-070,CXCL9,1.6180543185551184
SYN-OED-071,CXCL9,0.8848991842812757
SYN-OED-072,CXCL9,-0.11488802655183677
SYN-OED-073,CXCL9,-2.129206025203806
SYN-OED-074,CXCL9,-0.8023193148623534
SYN-OED-075,CXCL9,-0.6833605612598482
SYN-OED-076,CXCL9,1.2156789906372343
SYN-OED-077,CXCL9,2.211065918486725
SYN-OED-078,CXCL9,0.16382298272945342
SYN-OED-079,CXCL9,-1.1772770920589732
SYN-OED-080,CXCL9,-0.9773512276247964
SYN-OED-081,CXCL9,1.5441449794417066
SYN-OED-082,CXCL9,0.39800161026283704
SYN-OED-083,CXCL9,-0.5459126202834045
SYN-OED-084,CXCL9,-0.5117640879421881
SYN-OED-085,CXCL9,0.10152180517016156
SYN-OED-086,CXCL9,-0.8971048320603904
SYN-OED-087,CXCL9,-1.095501211391224
SYN-OED-088,CXCL9,0.3641969513127434
SYN-OED-089,CXCL9,0.29740281169422955
SYN-OED-090,CXCL9,-9.865102095303625e-05
SYN-OED-091,CXCL9,0.5090709845028492
SYN-OED-092,CXCL9,0.047539241863671075
SYN-OED-001,CXCL10,0.17305557908157054
SYN-OED-002,CXCL10,-0.85509069982448
SYN-OED-003,CXCL10,-0.33916455639010906
SYN-OED-004,CXCL10,-0.21593532314486671
SYN-OED-005,CXCL10,-0.19909853609946132
SYN-OED-006,CXCL10,-0.6201306203159387
SYN-OED-007,CXCL10,0.36441354819076544
SYN-OED-008,CXCL10,1.0762468448026719
SYN-OED-009,CXCL10,-0.3767984879960612
SYN-OED-010,CXCL10,0.16425838865706882
SYN-OED-011,CXCL10,-1.0863615328831138
SYN-OED-012,CXCL10,-1.0080040371854502
SYN-OED-013,CXCL10,-0.5028966639173755
SYN-OED-014,CXCL10,-0.8955250398858411
SYN-OED-015,CXCL10,0.2118579912575987
SYN-OED-016,CXCL10,-1.2377810424977613
SYN-OED-017,CXCL10,-0.9218270743427281
SYN-OED-018,CXCL10,0.8839181779014904
SYN-OED-019,CXCL10,-1.0229922809779686
SYN-OED-020,CXCL10,-1.760908031584259
SYN-OED-021,CXCL10,0.5954903745341333
SYN-OED-022,CXCL10,-0.9147191958830191
SYN-OED-023,CXCL10,1.4552956939475594
SYN-OED-024,CXCL10,1.2008604121875697
SYN-OED-025,CXCL10,1.5639725709397154
SYN-OED-026,CXCL10,-2.206387194361664
SYN-OED-027,CXCL10,-1.9659217938051956
SYN-OED-028,CXCL10,0.6469920030332981
SYN-OED-029,CXCL10,0.09069968325120845
SYN-OED-030,CXCL10,-1.2511522829070165
SYN-OED-031,CXCL10,-0.10242500667809375
SYN-OED-032,CXCL10,-0.18312693269490038
SYN-OED-033,CXCL10,-2.3251010084782773
SYN-OED-034,CXCL10,-0.6245747787997953
SYN-OED-035,CXCL10,0.5626082909525136
SYN-OED-036,CXCL10,1.4062830956839114
SYN-OED-037,CXCL10,1.509571563341734
SYN-OED-038,CXCL10,0.5219651433419752
SYN-OED-039,CXCL10,-0.521150362312833
SYN-OED-040,CXCL10,0.46812296676623877
SYN-OED-041,CXCL10,-1.3733890832275635
SYN-OED-042,CXCL10,-1.0547284033688022
SYN-OED-043,CXCL10,0.37153624200912494
SYN-OED-044,CXCL10,0.2956846223165063
SYN-OED-045,CXCL10,-1.2831557054348588
SYN-OED-046,CXCL10,1.0399843550962988
SYN-OED-047,CXCL10,-1.2419638536238662
SYN-OED-048,CXCL10,0.1333440798506868
SYN-OED-049,CXCL10,0.38472408009321934
SYN-OED-050,CXCL10,-0.0501263630884694
SYN-OED-051,CXCL10,0.7480051320898259
SYN-OED-052,CXCL10,0.456148222791081
SYN-OED-053,CXCL10,-0.7853126676593633
SYN-OED-054,CXCL10,0.04401136525448019
SYN-OED-055,CXCL10,0.21318936770110758
SYN-OED-056,CXCL10,1.718373058316282
SYN-OED-057,CXCL10,0.02869956695023811
SYN-OED-058,CXCL10,-0.42803852005434484
SYN-OED-059,CXCL10,-1.1414076015408652
SYN-OED-060,CXCL10,-1.0112056560661808
SYN-OED-061,CXCL10,-0.22400983617135548
SYN-OED-062,CXCL10,-0.5681869921847447
SYN-OED-063,CXCL10,1.7794552153935135
SYN-OED-064,CXCL10,-0.2690730792043149
SYN-OED-065,CXCL10,-0.15129774683014002
SYN-OED-066,CXCL10,0.30277894164262903
SYN-OED-067,CXCL10,0.3193139908903814
SYN-OED-068,CXCL10,-0.9108781025512069
SYN-OED-069,CXCL10,-1.7977132629346597
SYN-OED-070,CXCL10,-1.3779791256829523
SYN-OED-071,CXCL10,1.4121330164352124
SYN-OED-072,CXCL10,0.7761954672631969
SYN-OED-073,CXCL10,0.22246589555435498
SYN-OED-074,CXCL10,-2.0267242677681043
SYN-OED-075,CXCL10,0.6280806527447828
SYN-OED-076,CXCL10,-0.507341877954336
SYN-OED-077,CXCL10,0.005958301323420919
SYN-OED-078,CXCL10,-0.15246954570712268
SYN-OED-079,CXCL10,-1.1710392108136605
SYN-OED-080,CXCL10,-0.22964733502480406
SYN-OED-081,CXCL10,-0.5170602332976562
SYN-OED-082,CXCL10,0.646080263652938
SYN-OED-083,CXCL10,0.5292410863653311
SYN-OED-084,CXCL10,0.785356178196262
SYN-OED-085,CXCL10,-0.34263338236265484
SYN-OED-086,CXCL10,0.5065330092090132
SYN-OED-087,CXCL10,0.7921922522062598
SYN-OED-088,CXCL10,-1.770850567224367
SYN-OED-089,CXCL10,-1.0860586035585835
SYN-OED-090,CXCL10,-0.23308578541561703
SYN-OED-091,CXCL10,0.4456880636540603
SYN-OED-092,CXCL10,-0.26855364973393125
SYN-OED-001,CXCL11,-1.986247444551837
SYN-OED-002,CXCL11,0.04243631286282878
SYN-OED-003,CXCL11,-0.5431560117336748
SYN-OED-004,CXCL11,0.44991986303696324
SYN-OED-005,CXCL11,-0.667992604979877
SYN-OED-006,CXCL11,0.4644921403247611
SYN-OED-007,CXCL11,0.5014472097811429
SYN-OED-008,CXCL11,0.18656990396769826
SYN-OED-009,CXCL11,0.30004491518219617
SYN-OED-010,CXCL11,1.0201048323273008
SYN-OED-011,CXCL11,1.4893105240634426
SYN-OED-012,CXCL11,-0.5072386014206847
SYN-OED-013,CXCL11,1.3624143406477933
SYN-OED-014,CXCL11,0.052308972778478055
SYN-OED-015,CXCL11,-2.510184343057061
SYN-OED-016,CXCL11,-0.634749772744248
SYN-OED-017,CXCL11,-0.2789208642891811
SYN-OED-018,CXCL11,0.44332994161023936
SYN-OED-019,CXCL11,2.023925517547964
SYN-OED-020,CXCL11,-0.5855645241936062
SYN-OED-021,CXCL11,1.5683274551361222
SYN-OED-022,CXCL11,0.6189752965891203
SYN-OED-023,CXCL11,-1.4143797849023558
SYN-OED-024,CXCL11,-0.8261131936711404
SYN-OED-025,CXCL11,-1.5149675820210575
SYN-OED-026,CXCL11,-0.8042273901682226
SYN-OED-027,CXCL11,1.9671323817940902
SYN-OED-028,CXCL11,0.3303333839914061
SYN-OED-029,CXCL11,-1.591916382517091
SYN-OED-030,CXCL11,1.6231471424091835
SYN-OED-031,CXCL11,0.22932291658794038
SYN-OED-032,CXCL11,0.2684163045393974
SYN-OED-033,CXCL11,1.847099605388006
SYN-OED-034,CXCL11,-0.5296238198024671
SYN-OED-035,CXCL11,-0.80927318118035
SYN-OED-036,CXCL11,-0.614031481788093
SYN-OED-037,CXCL11,0.2458264531885035
SYN-OED-038,CXCL11,-0.9325122702454999
SYN-OED-039,CXCL11,1.3864430358458362
SYN-OED-040,CXCL11,0.671457804113144
SYN-OED-041,CXCL11,-0.0905508646494162
SYN-OED-042,CXCL11,0.3755776041829908
SYN-OED-043,CXCL11,-0.6598868303220674
SYN-OED-044,CXCL11,0.9623495031958049
SYN-OED-045,CXCL11,0.10605142801239402
SYN-OED-046,CXCL11,0.117303030469444
SYN-OED-047,CXCL11,0.4059612920834454
SYN-OED-048,CXCL11,-0.028978903123348523
SYN-OED-049,CXCL11,0.8660387200698043
SYN-OED-050,CXCL11,0.6644140648246807
SYN-OED-051,CXCL11,-0.268979267621515
SYN-OED-052,CXCL11,0.11615240740508452
SYN-OED-053,CXCL11,-0.14371895636264234
SYN-OED-054,CXCL11,-0.6282672894370389
SYN-OED-055,CXCL11,0.6538566416038941
SYN-OED-056,CXCL11,-0.2707965998210269
SYN-OED-057,CXCL11,-0.13059380402230522
SYN-OED-058,CXCL11,0.3577400162355689
SYN-OED-059,CXCL11,-0.9375464866551748
SYN-OED-060,CXCL11,-0.32967821285026977
SYN-OED-061,CXCL11,0.5815107236350227
SYN-OED-062,CXCL11,-0.4764644356696246
SYN-OED-063,CXCL11,2.025724651722335
SYN-OED-064,CXCL11,0.6766296352663808
SYN-OED-065,CXCL11,0.7843860447203774
SYN-OED-066,CXCL11,-1.034697524296437
SYN-OED-067,CXCL11,0.634794917461962
SYN-OED-068,CXCL11,-0.9070773704045576
SYN-OED-069,CXCL11,-0.6758963470763024
SYN-OED-070,CXCL11,1.581816221272253
SYN-OED-071,CXCL11,0.22070730913317327
SYN-OED-072,CXCL11,0.9165452526872341
SYN-OED-073,CXCL11,1.9374763943244602
SYN-OED-074,CXCL11,-1.040966207697835
SYN-OED-075,CXCL11,-1.193369669673257
SYN-OED-076,CXCL11,0.5746101440405378
SYN-OED-077,CXCL11,1.2280301030083984
SYN-OED-078,CXCL11,0.12998474038348617
SYN-OED-079,CXCL11,0.12186192965443265
SYN-OED-080,CXCL11,1.3801838837655382
SYN-OED-081,CXCL11,-0.961590200305229
SYN-OED-082,CXCL11,1.3830747608609875
SYN-OED-083,CXCL11,2.7738924823462305
SYN-OED-084,CXCL11,-1.2752993155570511
SYN-OED-085,CXCL11,1.0635107689977925
SYN-OED-086,CXCL11,-0.24189748265152983
SYN-OED-087,CXCL11,-0.15809690574960278
SYN-OED-088,CXCL11,-0.39171622672469064
SYN-OED-089,CXCL11,0.19779145176241753
SYN-OED-090,CXCL11,-0.26637256543911175
SYN-OED-091,CXCL11,-0.3147169746146074
SYN-OED-092,CXCL11,0.36208951165007736
SYN-OED-001,IFI6,0.7637508459172836
SYN-OED-002,IFI6,1.1937143872029754
SYN-OED-003,IFI6,1.9625891009224552
SYN-OED-004,IFI6,-0.08087605127215353
SYN-OED-005,IFI6,-0.46718571196520753
SYN-OED-006,IFI6,-0.7900834343547511
SYN-OED-007,IFI6,0.6835112793348826
SYN-OED-008,IFI6,0.5578160491023337
SYN-OED-009,IFI6,-0.8840172727772493
SYN-OED-010,IFI6,2.091913599195001
SYN-OED-011,IFI6,0.9789357417901455
SYN-OED-012,IFI6,0.2736873486972541
SYN-OED-013,IFI6,0.7587090743203853
SYN-OED-014,IFI6,0.9356066922449032
SYN-OED-015,IFI6,-1.4667318001536533
SYN-OED-016,IFI6,0.09646108680805388
SYN-OED-017,IFI6,1.503313930623186
SYN-OED-018,IFI6,-0.2005305359859887
SYN-OED-019,IFI6,-0.42426399356759326
SYN-OED-020,IFI6,1.4620261162300279
SYN-OED-021,IFI6,0.3245400170601776
SYN-OED-022,IFI6,-1.1323413664441524
SYN-OED-023,IFI6,1.399483067962576
SYN-OED-024,IFI6,-0.3207647043518022
SYN-OED-025,IFI6,3.300328060705555
SYN-OED-026,IFI6,-0.8044169844443088
SYN-OED-027,IFI6,-0.8042535123680464
SYN-OED-028,IFI6,-0.41355714029212237
SYN-OED-029,IFI6,-0.12679611048883194
SYN-OED-030,IFI6,1.3425817403590727
SYN-OED-031,IFI6,-0.0300531017368869
SYN-OED-032,IFI6,1.6819538991450609
SYN-OED-033,IFI6,-0.9679877452061978
SYN-OED-034,IFI6,0.13787351486128457
SYN-OED-035,IFI6,0.37902801319327845
SYN-OED-036,IFI6,0.7777894078401268
SYN-OED-037,IFI6,-0.0995421451350027
SYN-OED-038,IFI6,-0.12086152051599619
SYN-OED-039,IFI6,-0.9397146053200435
SYN-OED-040,IFI6,0.5974362652749446
SYN-OED-041,IFI6,1.4473642857534685
SYN-OED-042,IFI6,-1.2882967383920105
SYN-OED-043,IFI6,0.06311921088308611
SYN-OED-044,IFI6,-1.039985195415872
SYN-OED-045,IFI6,1.4929327468213645
SYN-OED-046,IFI6,-1.0814372758930166
SYN-OED-047,IFI6,0.6984202063576094
SYN-OED-048,IFI6,-1.2114953293821977
SYN-OED-049,IFI6,-1.0839288424628855
SYN-OED-050,IFI6,-0.6892632387032899
SYN-OED-051,IFI6,1.0991064046535346
SYN-OED-052,IFI6,1.6407007013188715
SYN-OED-053,IFI6,-0.724744636276304
SYN-OED-054,IFI6,0.5371041285309212
SYN-OED-055,IFI6,-0.46703777253588513
SYN-OED-056,IFI6,0.2172034497030762
SYN-OED-057,IFI6,1.4553332772282694
SYN-OED-058,IFI6,-0.3077181895669342
SYN-OED-059,IFI6,2.7789045833214687
SYN-OED-060,IFI6,0.9725926799267973
SYN-OED-061,IFI6,-0.663605599657691
SYN-OED-062,IFI6,-0.8002667680565341
SYN-OED-063,IFI6,-1.0147605415252243
SYN-OED-064,IFI6,2.268014408772979
SYN-OED-065,IFI6,0.7132349024528952
SYN-OED-066,IFI6,0.5339290494836952
SYN-OED-067,IFI6,-0.7169266642931784
SYN-OED-068,IFI6,-0.6083526488514425
SYN-OED-069,IFI6,0.914405706458283
SYN-OED-070,IFI6,-0.7539669076645914
SYN-OED-071,IFI6,-2.185162833493355
SYN-OED-072,IFI6,0.08481957788157567
SYN-OED-073,IFI6,0.17671866362501343
SYN-OED-074,IFI6,0.5086233361288278
SYN-OED-075,IFI6,0.5897317379721629
SYN-OED-076,IFI6,0.4299714654486485
SYN-OED-077,IFI6,-0.2635193373435167
SYN-OED-078,IFI6,1.8673663596093775
SYN-OED-079,IFI6,2.091334345588454
SYN-OED-080,IFI6,1.268949725402888
SYN-OED-081,IFI6,-0.6892708288722321
SYN-OED-082,IFI6,1.292367535821668
SYN-OED-083,IFI6,-1.270114022450503
SYN-OED-084,IFI6,-1.1165878938721183
SYN-OED-085,IFI6,-1.3583973420236235
SYN-OED-086,IFI6,-1.5359644041095741
SYN-OED-087,IFI6,0.13943738634226613
SYN-OED-088,IFI6,0.3525068992716289
SYN-OED-089,IFI6,-0.9666500859350796
SYN-OED-090,IFI6,0.11838468033155496
SYN-OED-091,IFI6,-1.3805012356064799
SYN-OED-092,IFI6,0.3408698742457212
SYN-OED-001,WARS1,0.0008791653501613834
SYN-OED-002,WARS1,1.1816585477554713
SYN-OED-003,WARS1,-1.0018885419202488
SYN-OED-004,WARS1,-1.690053008408618
SYN-OED-005,WARS1,-0.5137865298563834
SYN-OED-006,WARS1,-1.3285916173421672
SYN-OED-007,WARS1,1.9247949875947745
SYN-OED-008,WARS1,-1.6189230744148124
SYN-OED-009,WARS1,-0.6986666390434623
SYN-OED-010,WARS1,0.10780424943300669
SYN-OED-011,WARS1,0.04830584561676143
SYN-OED-012,WARS1,0.27565128136727834
SYN-OED-013,WARS1,0.9430583909904068
SYN-OED-014,WARS1,-0.9189416313619635
SYN-OED-015,WARS1,-0.6786807659120562
SYN-OED-016,WARS1,0.527976464864243
SYN-OED-017,WARS1,-1.2336428433032753
SYN-OED-018,WARS1,0.24005772346473137
SYN-OED-019,WARS1,0.229757734841383
SYN-OED-020,WARS1,-1.2461708092490666
SYN-OED-021,WARS1,-0.5301296581207406
SYN-OED-022,WARS1,0.19320721830836776
SYN-OED-023,WARS1,-0.32095674955526926
SYN-OED-024,WARS1,-1.229816247453118
SYN-OED-025,WARS1,-1.1842045708913482
SYN-OED-026,WARS1,0.11325514719120355
SYN-OED-027,WARS1,-0.9960715746279443
SYN-OED-028,WARS1,-0.014720387673238041
SYN-OED-029,WARS1,2.115310487349993
SYN-OED-030,WARS1,-0.5915400884465295
SYN-OED-031,WARS1,1.7215588031456797
SYN-OED-032,WARS1,-1.5770912221487923
SYN-OED-033,WARS1,0.7815314363054443
SYN-OED-034,WARS1,-0.49362224368305835
SYN-OED-035,WARS1,0.5702375391049852
SYN-OED-036,WARS1,-0.8357973819574918
SYN-OED-037,WARS1,-1.3851763313602974
SYN-OED-038,WARS1,0.1957509417962154
SYN-OED-039,WARS1,0.4601799110208725
SYN-OED-040,WARS1,0.4036987548987401
SYN-OED-041,WARS1,-0.091140258833877
SYN-OED-042,WARS1,-1.2679071854447055
SYN-OED-043,WARS1,0.43426756442862924
SYN-OED-044,WARS1,-0.8206340619675454
SYN-OED-045,WARS1,-1.941433411148821
SYN-OED-046,WARS1,1.2745565442360802
SYN-OED-047,WARS1,0.4666107188385164
SYN-OED-048,WARS1,-0.2510602557431983
SYN-OED-049,WARS1,-0.8188991420590865
SYN-OED-050,WARS1,1.0247920246216111
SYN-OED-051,WARS1,0.7579188635893344
SYN-OED-052,WARS1,0.04961109720979253
SYN-OED-053,WARS1,-0.2775983744930522
SYN-OED-054,WARS1,-1.8460690586114834
SYN-OED-055,WARS1,0.3073018036645465
SYN-OED-056,WARS1,0.1983610208223795
SYN-OED-057,WARS1,-0.8122922690192689
SYN-OED-058,WARS1,0.18261178804629724
SYN-OED-059,WARS1,0.7616748185970239
SYN-OED-060,WARS1,-1.0092116499638462
SYN-OED-061,WARS1,-2.094906602622732
SYN-OED-062,WARS1,0.7963458437849549
SYN-OED-063,WARS1,1.4869051207302098
SYN-OED-064,WARS1,-0.11432928981009301
SYN-OED-065,WARS1,0.9204408831624934
SYN-OED-066,WARS1,-1.0111515034410596
SYN-OED-067,WARS1,0.5783817884731408
SYN-OED-068,WARS1,0.21651232594728656
SYN-OED-069,WARS1,-1.3069400346855404
SYN-OED-070,WARS1,0.6684666600205728
SYN-OED-071,WARS1,-0.3790629856850744
SYN-OED-072,WARS1,-0.13541224679023872
SYN-OED-073,WARS1,0.02698100738753081
SYN-OED-074,WARS1,-2.729783546724725
SYN-OED-075,WARS1,0.30363562415271117
SYN-OED-076,WARS1,0.17517528438462596
SYN-OED-077,WARS1,1.9964920983934442
SYN-OED-078,WARS1,0.8605997036709991
SYN-OED-079,WARS1,-1.5236713292689954
SYN-OED-080,WARS1,-1.1787047997906368
SYN-OED-081,WARS1,2.3108323696733657
SYN-OED-082,WARS1,-0.4275072350628038
SYN-OED-083,WARS1,-0.43176267995839424
SYN-OED-084,WARS1,0.178885265756293
SYN-OED-085,WARS1,2.250557043816356
SYN-OED-086,WARS1,-0.22471859667968982
SYN-OED-087,WARS1,-0.08567344970529178
SYN-OED-088,WARS1,1.5229419440883116
SYN-OED-089,WARS1,0.2175126995837795
SYN-OED-090,WARS1,-0.06884040999170896
SYN-OED-091,WARS1,0.5817846903444781
SYN-OED-092,WARS1,0.8481964174905133
SYN-OED-001,GBP5,-1.776033647965427
SYN-OED-002,GBP5,0.37065871569339137
SYN-OED-003,GBP5,-0.07319060527620759
SYN-OED-004,GBP5,0.13866384590015138
SYN-OED-005,GBP5,0.2260347745969294
SYN-OED-006,GBP5,-0.010267032934456043
SYN-OED-007,GBP5,-1.0019295531407069
SYN-OED-008,GBP5,1.8156544064836375
SYN-OED-009,GBP5,1.959084393973383
SYN-OED-010,GBP5,-0.8351847853124228
SYN-OED-011,GBP5,-1.637671014213712
SYN-OED-012,GBP5,1.6860013356955532
SYN-OED-013,GBP5,-2.488912593364781
SYN-OED-014,GBP5,-0.6597006645276879
SYN-OED-015,GBP5,0.3918453407330242
SYN-OED-016,GBP5,0.5274991039651058
SYN-OED-017,GBP5,-0.4148020891757249
SYN-OED-018,GBP5,0.5368428853343113
SYN-OED-019,GBP5,-0.02986402031714856
SYN-OED-020,GBP5,-1.1128164019211813
SYN-OED-021,GBP5,0.12242252801805151
SYN-OED-022,GBP5,-0.48007243081631595
SYN-OED-023,GBP5,-0.029834604413438777
SYN-OED-024,GBP5,0.2972066867287502
SYN-OED-025,GBP5,-0.15610902180473102
SYN-OED-026,GBP5,1.310074052699542
SYN-OED-027,GBP5,1.4481935730352289
SYN-OED-028,GBP5,1.1892543363823098
SYN-OED-029,GBP5,0.6725846064129702
SYN-OED-030,GBP5,-0.06410658593936795
SYN-OED-031,GBP5,0.2756637173010551
SYN-OED-032,GBP5,-0.09423294617270998
SYN-OED-033,GBP5,1.2849648452002835
SYN-OED-034,GBP5,-0.1286393298389723
SYN-OED-035,GBP5,-1.3248619059986002
SYN-OED-036,GBP5,-2.110884294689212
SYN-OED-037,GBP5,-1.0595752199657522
SYN-OED-038,GBP5,-0.45238539282745965
SYN-OED-039,GBP5,1.4935739626236988
SYN-OED-040,GBP5,0.1854257986529949
SYN-OED-041,GBP5,-1.0201539646368571
SYN-OED-042,GBP5,0.35903365438140156
SYN-OED-043,GBP5,-0.7395307639826582
SYN-OED-044,GBP5,0.5417793580066181
SYN-OED-045,GBP5,-0.5703635358219132
SYN-OED-046,GBP5,0.6405673796337423
SYN-OED-047,GBP5,-0.7885331035784521
SYN-OED-048,GBP5,0.4057718847382689
SYN-OED-049,GBP5,-1.0930834391263657
SYN-OED-050,GBP5,-0.09951145911122355
SYN-OED-051,GBP5,0.07492182001627437
SYN-OED-052,GBP5,-0.3541762146371823
SYN-OED-053,GBP5,-0.7703843852005147
SYN-OED-054,GBP5,-0.07467988222641972
SYN-OED-055,GBP5,0.3438977506323375
SYN-OED-056,GBP5,0.014123628297824911
SYN-OED-057,GBP5,0.9859195955715855
SYN-OED-058,GBP5,-1.0271517483223795
SYN-OED-059,GBP5,-0.14744848341917302
SYN-OED-060,GBP5,0.761990114414217
SYN-OED-061,GBP5,-0.040954719087814416
SYN-OED-062,GBP5,-0.41758551165301566
SYN-OED-063,GBP5,-0.39538378846685646
SYN-OED-064,GBP5,0.5153156906767609
SYN-OED-065,GBP5,-0.7668627292695306
SYN-OED-066,GBP5,-1.3119681780436137
SYN-OED-067,GBP5,-1.1981192563955285
SYN-OED-068,GBP5,-0.8879117517618255
SYN-OED-069,GBP5,-0.4079767699870378
SYN-OED-070,GBP5,1.4364540270418358
SYN-OED-071,GBP5,0.3507169426789675
SYN-OED-072,GBP5,1.155239268055739
SYN-OED-073,GBP5,1.569264417714044
SYN-OED-074,GBP5,-0.9623783725952618
SYN-OED-075,GBP5,-0.6805701436278371
SYN-OED-076,GBP5,-0.07682759594734209
SYN-OED-077,GBP5,1.4378460649210345
SYN-OED-078,GBP5,-0.43525211401854186
SYN-OED-079,GBP5,1.9400031055458002
SYN-OED-080,GBP5,-0.35443715061412784
SYN-OED-081,GBP5,0.415650631556006
SYN-OED-082,GBP5,0.8975823203918506
SYN-OED-083,GBP5,0.05606888885051618
SYN-OED-084,GBP5,0.08178269124893807
SYN-OED-085,GBP5,0.5756193653868049
SYN-OED-086,GBP5,-0.26557523102229624
SYN-OED-087,GBP5,-0.5120289092563227
SYN-OED-088,GBP5,0.38633033048825843
SYN-OED-089,GBP5,2.2812942018081883
SYN-OED-090,GBP5,1.4250745739831685
SYN-OED-091,GBP5,0.09652934586310727
SYN-OED-092,GBP5,-0.2815092380844194
SYN-OED-001,CD74,-0.2258816593593278
SYN-OED-002,CD74,-1.594914375307641
SYN-OED-003,CD74,-0.8737816884008829
SYN-OED-004,CD74,0.5176533591108867
SYN-OED-005,CD74,-0.33456900719757804
SYN-OED-006,CD74,0.6288261542829093
SYN-OED-007,CD74,-2.9571039566741244
SYN-OED-008,CD74,0.8043548847595811
SYN-OED-009,CD74,0.3864846294650971
SYN-OED-010,CD74,0.27343975282065197
SYN-OED-011,CD74,0.5807358453120718
SYN-OED-012,CD74,0.9799195327997009
SYN-OED-013,CD74,-0.5271018490610322
SYN-OED-014,CD74,0.4070890716014378
SYN-OED-015,CD74,-0.22323553890350883
SYN-OED-016,CD74,0.4239820454094797
SYN-OED-017,CD74,-0.5265842205321637
SYN-OED-018,CD74,0.698176169647485
SYN-OED-019,CD74,-0.3652130075819066
SYN-OED-020,CD74,0.13214013083004406
SYN-OED-021,CD74,1.4987115505209858
SYN-OED-022,CD74,-0.36263631103041155
SYN-OED-023,CD74,0.26660261668185614
SYN-OED-024,CD74,-1.7315316507860656
SYN-OED-025,CD74,-0.7565265600414814
SYN-OED-026,CD74,2.858676537052261
SYN-OED-027,CD74,-0.8715244980095425
SYN-OED-028,CD74,-1.616194994484878
SYN-OED-029,CD74,-1.1240634089199146
SYN-OED-030,CD74,-0.3033081293069305
SYN-OED-031,CD74,-0.9923418662082896
SYN-OED-032,CD74,-1.3414423056240379
SYN-OED-033,CD74,1.085231477745251
SYN-OED-034,CD74,-0.48673531586967134
SYN-OED-035,CD74,-1.6727750050503836
SYN-OED-036,CD74,0.9414415142770854
SYN-OED-037,CD74,0.4955310687373927
SYN-OED-038,CD74,-0.3384923709893429
SYN-OED-039,CD74,0.41901785148830206
SYN-OED-040,CD74,-0.6609170278832844
SYN-OED-041,CD74,-0.9248775453234853
SYN-OED-042,CD74,-0.059969597979419434
SYN-OED-043,CD74,0.3210539716821761
SYN-OED-044,CD74,0.10138741198684108
SYN-OED-045,CD74,0.7949072986431462
SYN-OED-046,CD74,-1.3110122411630742
SYN-OED-047,CD74,-0.3799487839821212
SYN-OED-048,CD74,0.6419653875452088
SYN-OED-049,CD74,0.5492447794454556
SYN-OED-050,CD74,-1.1480508575674881
SYN-OED-051,CD74,-0.4387562741069134
SYN-OED-052,CD74,-1.0144682345564224
SYN-OED-053,CD74,-0.5814297959683359
SYN-OED-054,CD74,0.08627572037171548
SYN-OED-055,CD74,0.9119765996279235
SYN-OED-056,CD74,-0.2720725423823041
SYN-OED-057,CD74,0.29005940661934926
SYN-OED-058,CD74,-0.09612652843395403
SYN-OED-059,CD74,0.6242813407691609
SYN-OED-060,CD74,0.9192361463269839
SYN-OED-061,CD74,-0.532733296990278
SYN-OED-062,CD74,-0.25546440141039567
SYN-OED-063,CD74,-1.6354517978668253
SYN-OED-064,CD74,-0.028062648183602327
SYN-OED-065,CD74,1.4319578945766154
SYN-OED-066,CD74,-1.383842008488338
SYN-OED-067,CD74,-0.3591019557825929
SYN-OED-068,CD74,0.25430555638005403
SYN-OED-069,CD74,-0.6623104855038197
SYN-OED-070,CD74,0.08548323734589933
SYN-OED-071,CD74,0.7514709861478248
SYN-OED-072,CD74,-0.027760305670339377
SYN-OED-073,CD74,-0.8817504256999978
SYN-OED-074,CD74,0.03020330585460989
SYN-OED-075,CD74,-0.3911382564398601
SYN-OED-076,CD74,-0.23336333285624933
SYN-OED-077,CD74,-0.8419478889742733
SYN-OED-078,CD74,-0.6837958466573992
SYN-OED-079,CD74,-0.29201599837501585
SYN-OED-080,CD74,-1.7545594803297861
SYN-OED-081,CD74,-1.139579845571895
SYN-OED-082,CD74,0.9432094849260849
SYN-OED-083,CD74,1.2119350447507489
SYN-OED-084,CD74,1.3804711446862599
SYN-OED-085,CD74,0.6697145584531784
SYN-OED-086,CD74,0.5625882314727005
SYN-OED-087,CD74,0.9238564449854634
SYN-OED-088,CD74,-0.66356067009177
SYN-OED-089,CD74,-0.5329428253215138
SYN-OED-090,CD74,-0.1039451385188546
SYN-OED-091,CD74,-0.2818264797421958
SYN-OED-092,CD74,0.6686243571381107
SYN-OED-001,STAT1,-0.02684556505356361
SYN-OED-002,STAT1,-0.3131209954899831
SYN-OED-003,STAT1,-0.06687432090032412
SYN-OED-004,STAT1,0.9177476724276835
SYN-OED-005,STAT1,0.024246460732087555
SYN-OED-006,STAT1,-0.607321478813834
SYN-OED-007,STAT1,-0.2854087869397911
SYN-OED-008,STAT1,1.2635572143870593
SYN-OED-009,STAT1,-0.48388253446300183
SYN-OED-010,STAT1,0.3493864841151149
SYN-OED-011,STAT1,0.1984792095669831
SYN-OED-012,STAT1,0.12278687754889259
SYN-OED-013,STAT1,-0.49626253726535163
SYN-OED-014,STAT1,0.296419788429127
SYN-OED-015,STAT1,0.6533647200223303
SYN-OED-016,STAT1,2.900504753161686
SYN-OED-017,STAT1,-0.7733794004636303
SYN-OED-018,STAT1,0.4721672325192226
SYN-OED-019,STAT1,0.028477850910907373
SYN-OED-020,STAT1,-0.16286198203483804
SYN-OED-021,STAT1,-1.0520975038267366
SYN-OED-022,STAT1,-0.7611351080299124
SYN-OED-023,STAT1,0.5911734742484565
SYN-OED-024,STAT1,0.05097133092312587
SYN-OED-025,STAT1,-0.32503130867454283
SYN-OED-026,STAT1,0.09032944547058215
SYN-OED-027,STAT1,-1.7409012536101864
SYN-OED-028,STAT1,-0.804925689788702
SYN-OED-029,STAT1,0.6667088374891076
SYN-OED-030,STAT1,-0.050146611430989266
SYN-OED-031,STAT1,-0.820565201270666
SYN-OED-032,STAT1,-1.8812479537904656
SYN-OED-033,STAT1,0.16562746711540763
SYN-OED-034,STAT1,-0.775902428715288
SYN-OED-035,STAT1,1.126645020432609
SYN-OED-036,STAT1,-0.40567062011958066
SYN-OED-037,STAT1,0.2913318018569474
SYN-OED-038,STAT1,-0.6863453440541015
SYN-OED-039,STAT1,0.7530608011988793
SYN-OED-040,STAT1,0.6291866781256964
SYN-OED-041,STAT1,0.3841517429019109
SYN-OED-042,STAT1,0.23656014885902432
SYN-OED-043,STAT1,-2.22309785176773
SYN-OED-044,STAT1,-0.8334525774242952
SYN-OED-045,STAT1,1.1481271390903725
SYN-OED-046,STAT1,0.12150284723054135
SYN-OED-047,STAT1,-0.5275076187456272
SYN-OED-048,STAT1,-0.6548456978928041
SYN-OED-049,STAT1,-0.1304114222289556
SYN-OED-050,STAT1,0.6618773097367571
SYN-OED-051,STAT1,-1.4996717970183215
SYN-OED-052,STAT1,-0.4395784257566607
SYN-OED-053,STAT1,1.4285015291615257
SYN-OED-054,STAT1,0.6951951648423776
SYN-OED-055,STAT1,0.11386508604812798
SYN-OED-056,STAT1,1.8306883862435315
SYN-OED-057,STAT1,-2.0104031512664995
SYN-OED-058,STAT1,1.2222946523839389
SYN-OED-059,STAT1,0.7576312217927317
SYN-OED-060,STAT1,-0.17858427812712588
SYN-OED-061,STAT1,-0.956331063857897
SYN-OED-062,STAT1,-1.1325514358447353
SYN-OED-063,STAT1,-0.2124141363840536
SYN-OED-064,STAT1,1.189972675777094
SYN-OED-065,STAT1,1.7024287350036875
SYN-OED-066,STAT1,0.04362472246387833
SYN-OED-067,STAT1,-1.008760677169059
SYN-OED-068,STAT1,-0.07455657614407607
SYN-OED-069,STAT1,0.7513946833898923
SYN-OED-070,STAT1,0.8180777628273199
SYN-OED-071,STAT1,0.6759110513515132
SYN-OED-072,STAT1,-1.220121428225912
SYN-OED-073,STAT1,-0.5938681958684092
SYN-OED-074,STAT1,-0.5624497607119802
SYN-OED-075,STAT1,-0.9555471876562792
SYN-OED-076,STAT1,0.645158485173501
SYN-OED-077,STAT1,1.9324648379310454
SYN-OED-078,STAT1,-1.886554374505193
SYN-OED-079,STAT1,-0.35997076976025216
SYN-OED-080,STAT1,1.206997625895424
SYN-OED-081,STAT1,-1.5028045784183917
SYN-OED-082,STAT1,0.743228908875145
SYN-OED-083,STAT1,-1.820044872942895
SYN-OED-084,STAT1,-0.5258654323599135
SYN-OED-085,STAT1,-1.6198328425100346
SYN-OED-086,STAT1,0.4358456130711802
SYN-OED-087,STAT1,0.2171526660062047
SYN-OED-088,STAT1,1.7722045654516745
SYN-OED-089,STAT1,-0.3710318410119645
SYN-OED-090,STAT1,-1.0195319746372722
SYN-OED-091,STAT1,1.659020174503324
SYN-OED-092,STAT1,-0.5457224933360951
SYN-OED-001,IFI44,1.3432355795368285
SYN-OED-002,IFI44,-0.2728442085044924
SYN-OED-003,IFI44,-0.6948556858987027
SYN-OED-004,IFI44,1.991347792237265
SYN-OED-005,IFI44,1.6841359003135694
SYN-OED-006,IFI44,-1.2562314524447291
SYN-OED-007,IFI44,0.20906773921410865
SYN-OED-008,IFI44,0.41989238401587536
SYN-OED-009,IFI44,-0.7049156731307854
SYN-OED-010,IFI44,0.40739676648339057
SYN-OED-011,IFI44,-1.7287712445124046
SYN-OED-012,IFI44,0.5670207150969095
SYN-OED-013,IFI44,0.4091249538536385
SYN-OED-014,IFI44,0.45008426768372034
SYN-OED-015,IFI44,0.9251540041002277
SYN-OED-016,IFI44,-0.9842299055442237
SYN-OED-017,IFI44,-0.6324871004477188
SYN-OED-018,IFI44,2.073288298652759
SYN-OED-019,IFI44,0.5672101095924236
SYN-OED-020,IFI44,1.6521530872816415
SYN-OED-021,IFI44,-0.18072195330712243
SYN-OED-022,IFI44,0.06500211506653479
SYN-OED-023,IFI44,-0.7889529118468293
SYN-OED-024,IFI44,0.5038588087502078
SYN-OED-025,IFI44,-0.7960905575196251
SYN-OED-026,IFI44,0.4851682969245846
SYN-OED-027,IFI44,-1.0591216148246425
SYN-OED-028,IFI44,1.981813261039005
SYN-OED-029,IFI44,1.133020305042091
SYN-OED-030,IFI44,-0.8363497958885686
SYN-OED-031,IFI44,0.005279288665788202
SYN-OED-032,IFI44,-0.8148086638374693
SYN-OED-033,IFI44,-0.018601747411284616
SYN-OED-034,IFI44,-0.544992968056196
SYN-OED-035,IFI44,-1.5498885487427
SYN-OED-036,IFI44,1.3500104567428477
SYN-OED-037,IFI44,0.4628328902279308
SYN-OED-038,IFI44,0.8811781197847612
SYN-OED-039,IFI44,1.3243813435758651
SYN-OED-040,IFI44,-0.8807065394337938
SYN-OED-041,IFI44,-0.32260301138231856
SYN-OED-042,IFI44,-0.4099431132763294
SYN-OED-043,IFI44,0.5288247276322241
SYN-OED-044,IFI44,-0.7649181013746456
SYN-OED-045,IFI44,-0.15563168621258872
SYN-OED-046,IFI44,0.9264195539159017
SYN-OED-047,IFI44,1.7906347952468533
SYN-OED-048,IFI44,-0.046335622767296226
SYN-OED-049,IFI44,0.8901546909742691
SYN-OED-050,IFI44,0.58746271700377
SYN-OED-051,IFI44,0.5398306081618096
SYN-OED-052,IFI44,0.5121783372705209
SYN-OED-053,IFI44,0.378205415062585
SYN-OED-054,IFI44,1.6884312199106237
SYN-OED-055,IFI44,1.4632857039842087
SYN-OED-056,IFI44,2.4764796328612078
SYN-OED-057,IFI44,0.3024249385715545
SYN-OED-058,IFI44,-0.12934159497241066
SYN-OED-059,IFI44,0.3315029879641543
SYN-OED-060,IFI44,-0.35568042222793794
SYN-OED-061,IFI44,-1.4893004032939745
SYN-OED-062,IFI44,1.649417551675364
SYN-OED-063,IFI44,-0.4839965629967413
SYN-OED-064,IFI44,-0.3633768493920437
SYN-OED-065,IFI44,0.9478306630722507
SYN-OED-066,IFI44,-0.4477792037814704
SYN-OED-067,IFI44,-1.808897621957766
SYN-OED-068,IFI44,-0.7905735241626157
SYN-OED-069,IFI44,0.09805201770019191
SYN-OED-070,IFI44,-0.02214970204102974
SYN-OED-071,IFI44,-0.04978858974374733
SYN-OED-072,IFI44,1.1448742199385498
SYN-OED-073,IFI44,2.2539036033377684
SYN-OED-074,IFI44,-0.30343919653281576
SYN-OED-075,IFI44,1.5088921845612455
SYN-OED-076,IFI44,-1.1623674847987029
SYN-OED-077,IFI44,-0.1667440254186174
SYN-OED-078,IFI44,-1.3721969817962554
SYN-OED-079,IFI44,0.6167811023969343
SYN-OED-080,IFI44,-1.0927458945261725
SYN-OED-081,IFI44,0.7435635965399614
SYN-OED-082,IFI44,-0.4716420708104345
SYN-OED-083,IFI44,1.2441813065548268
SYN-OED-084,IFI44,-0.2029434634610037
SYN-OED-085,IFI44,-2.011074170384246
SYN-OED-086,IFI44,-3.1679858408448696
SYN-OED-087,IFI44,0.06487132128252765
SYN-OED-088,IFI44,-0.7874107472186549
SYN-OED-089,IFI44,1.0417237435332576
SYN-OED-090,IFI44,0.7130815441224344
SYN-OED-091,IFI44,-0.18021001181011168
SYN-OED-092,IFI44,0.4875976113230492
SYN-OED-001,UBE2L6,1.5019147219345723
SYN-OED-002,UBE2L6,-1.0080239404681457
SYN-OED-003,UBE2L6,0.6328447792449285
SYN-OED-004,UBE2L6,-0.24299577274841885
SYN-OED-005,UBE2L6,-0.036142318627837275
SYN-OED-006,UBE2L6,0.8283459290220292
SYN-OED-007,UBE2L6,-0.362319813018393
SYN-OED-008,UBE2L6,0.07692062742650752
SYN-OED-009,UBE2L6,1.0586734290791928
SYN-OED-010,UBE2L6,-1.8037031527961038
SYN-OED-011,UBE2L6,0.6183679444092852
SYN-OED-012,UBE2L6,-0.9354777832209664
SYN-OED-013,UBE2L6,1.3289611557242402
SYN-OED-014,UBE2L6,-1.552539605289654
SYN-OED-015,UBE2L6,1.5892345396312
SYN-OED-016,UBE2L6,0.060829150928384104
SYN-OED-017,UBE2L6,-0.32808713497756303
SYN-OED-018,UBE2L6,1.4066155107831302
SYN-OED-019,UBE2L6,0.8208784029274546
SYN-OED-020,UBE2L6,-0.28706390618027605
SYN-OED-021,UBE2L6,1.2671817052611363
SYN-OED-022,UBE2L6,0.2352391223902595
SYN-OED-023,UBE2L6,0.8519423769750141
SYN-OED-024,UBE2L6,1.1880410563348582
SYN-OED-025,UBE2L6,1.6232992615595256
SYN-OED-026,UBE2L6,-0.21518345420317075
SYN-OED-027,UBE2L6,-0.1836636135099084
SYN-OED-028,UBE2L6,0.053496690990325516
SYN-OED-029,UBE2L6,-0.43094423945134247
SYN-OED-030,UBE2L6,-0.3026852420380866
SYN-OED-031,UBE2L6,-0.7463030826918758
SYN-OED-032,UBE2L6,1.3733309065813966
SYN-OED-033,UBE2L6,-1.5064396807830105
SYN-OED-034,UBE2L6,-0.8871303315355056
SYN-OED-035,UBE2L6,-1.1469012521626736
SYN-OED-036,UBE2L6,-1.37326583142755
SYN-OED-037,UBE2L6,0.37172274701693897
SYN-OED-038,UBE2L6,-0.7336977269841095
SYN-OED-039,UBE2L6,-1.0024107936238098
SYN-OED-040,UBE2L6,-0.06773363992081254
SYN-OED-041,UBE2L6,0.4264626487108903
SYN-OED-042,UBE2L6,-0.4962885177276948
SYN-OED-043,UBE2L6,1.042405233433964
SYN-OED-044,UBE2L6,0.5563463276361524
SYN-OED-045,UBE2L6,-1.1820073143124543
SYN-OED-046,UBE2L6,-0.16354268902768618
SYN-OED-047,UBE2L6,0.41958256566828245
SYN-OED-048,UBE2L6,-0.28894169538067227
SYN-OED-049,UBE2L6,0.10763100060100837
SYN-OED-050,UBE2L6,0.3058019313296951
SYN-OED-051,UBE2L6,-1.1916649245673765
SYN-OED-052,UBE2L6,-1.1236314153934666
SYN-OED-053,UBE2L6,0.3799873082416259
SYN-OED-054,UBE2L6,-1.0367115466257617
SYN-OED-055,UBE2L6,0.1664727523718924
SYN-OED-056,UBE2L6,0.14880652779195003
SYN-OED-057,UBE2L6,-1.003399035697613
SYN-OED-058,UBE2L6,-0.5802225882163358
SYN-OED-059,UBE2L6,0.6058930750539587
SYN-OED-060,UBE2L6,1.3004774861097141
SYN-OED-061,UBE2L6,0.30524523924078684
SYN-OED-062,UBE2L6,-0.49414680181898474
SYN-OED-063,UBE2L6,-2.001936374918023
SYN-OED-064,UBE2L6,0.013539704863158268
SYN-OED-065,UBE2L6,0.7412244164224189
SYN-OED-066,UBE2L6,-1.2672065556285634
SYN-OED-067,UBE2L6,0.7927925169346682
SYN-OED-068,UBE2L6,0.1972999054658335
SYN-OED-069,UBE2L6,-0.31564882094569807
SYN-OED-070,UBE2L6,1.0868290576827846
SYN-OED-071,UBE2L6,-0.7491843263604309
SYN-OED-072,UBE2L6,-1.5174304377836132
SYN-OED-073,UBE2L6,0.7354045692523256
SYN-OED-074,UBE2L6,-0.22897747216855074
SYN-OED-075,UBE2L6,0.7937866376731713
SYN-OED-076,UBE2L6,-0.596864592044304
SYN-OED-077,UBE2L6,0.23729221854565405
SYN-OED-078,UBE2L6,-0.8070306039375085
SYN-OED-079,UBE2L6,-0.8918301487903691
SYN-OED-080,UBE2L6,-1.1287264503388779
SYN-OED-081,UBE2L6,-2.368350385050046
SYN-OED-082,UBE2L6,-1.6406623232691193
SYN-OED-083,UBE2L6,1.6424588775941182
SYN-OED-084,UBE2L6,-0.6369512132403057
SYN-OED-085,UBE2L6,0.024822208513824412
SYN-OED-086,UBE2L6,0.5684407258283158
SYN-OED-087,UBE2L6,0.5223029197185601
SYN-OED-088,UBE2L6,-0.3147589111404722
SYN-OED-089,UBE2L6,-0.5270993417400981
SYN-OED-090,UBE2L6,0.7843030171157456
SYN-OED-091,UBE2L6,-1.0863960243419983
SYN-OED-092,UBE2L6,0.5785535756963064
SYN-OED-001,RNF213,-0.6803634844187701
SYN-OED-002,RNF213,-0.6836661740650131
SYN-OED-003,RNF213,-1.0310808408061516
SYN-OED-004,RNF213,1.0905940544847663
SYN-OED-005,RNF213,0.4359165866364989
SYN-OED-006,RNF213,0.22714933792770706
SYN-OED-007,RNF213,1.33907454899396
SYN-OED-008,RNF213,-0.24094558717992612
SYN-OED-009,RNF213,1.984000681562236
SYN-OED-010,RNF213,-1.051046436000124
SYN-OED-011,RNF213,-0.2596509353574861
SYN-OED-012,RNF213,-0.9640125577267359
SYN-OED-013,RNF213,0.25714885503125723
SYN-OED-014,RNF213,-0.6319902533132893
SYN-OED-015,RNF213,0.13501197875556983
SYN-OED-016,RNF213,-0.2720712560996455
SYN-OED-017,RNF213,1.5583211570478284
SYN-OED-018,RNF213,-0.2955984948110687
SYN-OED-019,RNF213,1.051911427970913
SYN-OED-020,RNF213,-0.0784139260645783
SYN-OED-021,RNF213,-0.5195497535382259
SYN-OED-022,RNF213,0.31017666624163104
SYN-OED-023,RNF213,-0.6123602986756069
SYN-OED-024,RNF213,0.6976515830366149
SYN-OED-025,RNF213,0.4635855327291422
SYN-OED-026,RNF213,0.8794853397095599
SYN-OED-027,RNF213,1.0895509553692235
SYN-OED-028,RNF213,-0.7467543639848664
SYN-OED-029,RNF213,-1.4658834610140183
SYN-OED-030,RNF213,-0.9712224325223731
SYN-OED-031,RNF213,0.24185114068341496
SYN-OED-032,RNF213,-0.8924707339274414
SYN-OED-033,RNF213,1.0681551939577083
SYN-OED-034,RNF213,0.04094976880383877
SYN-OED-035,RNF213,0.7864482926850823
SYN-OED-036,RNF213,1.0755379732133583
SYN-OED-037,RNF213,-0.28948308596013456
SYN-OED-038,RNF213,0.23037703980998753
SYN-OED-039,RNF213,0.6570062736762251
SYN-OED-040,RNF213,1.127082916445858
SYN-OED-041,RNF213,-0.5353693152282452
SYN-OED-042,RNF213,0.4933243892251803
SYN-OED-043,RNF213,-0.7013782306395897
SYN-OED-044,RNF213,-0.10117625593219377
SYN-OED-045,RNF213,-1.4791308101173486
SYN-OED-046,RNF213,1.5546792259868016
SYN-OED-047,RNF213,0.17537554472954764
SYN-OED-048,RNF213,0.9631386128606048
SYN-OED-049,RNF213,2.7822914206154
SYN-OED-050,RNF213,0.8934893178553971
SYN-OED-051,RNF213,-1.5235902387050513
SYN-OED-052,RNF213,-0.48310936560326095
SYN-OED-053,RNF213,1.5945014275879938
SYN-OED-054,RNF213,-1.0611663790293762
SYN-OED-055,RNF213,-0.3164165608300862
SYN-OED-056,RNF213,0.3821502056805047
SYN-OED-057,RNF213,1.108266305382928
SYN-OED-058,RNF213,0.2512153868137447
SYN-OED-059,RNF213,1.2654859564028476
SYN-OED-060,RNF213,-0.12446811005414263
SYN-OED-061,RNF213,-0.20949789733496393
SYN-OED-062,RNF213,0.0931296855792903
SYN-OED-063,RNF213,2.0116121206027198
SYN-OED-064,RNF213,-0.7636080115239391
SYN-OED-065,RNF213,-0.5243646869381888
SYN-OED-066,RNF213,0.6381404596338229
SYN-OED-067,RNF213,-0.44319329551135406
SYN-OED-068,RNF213,1.5563783709511712
SYN-OED-069,RNF213,-0.871081025582615
SYN-OED-070,RNF213,0.8348348722587517
SYN-OED-071,RNF213,-0.35639649032010223
SYN-OED-072,RNF213,0.19720378458519866
SYN-OED-073,RNF213,0.04619503045568079
SYN-OED-074,RNF213,0.7190843926708426
SYN-OED-075,RNF213,0.49313462208747316
SYN-OED-076,RNF213,-0.2922907817922189
SYN-OED-077,RNF213,-0.7775590491824823
SYN-OED-078,RNF213,-0.10803916906233177
SYN-OED-079,RNF213,0.043746656061525405
SYN-OED-080,RNF213,-2.173586237285804
SYN-OED-081,RNF213,0.9112569789079819
SYN-OED-082,RNF213,-0.3285302885129065
SYN-OED-083,RNF213,-0.9407349116244879
SYN-OED-084,RNF213,-0.15313049559001338
SYN-OED-085,RNF213,-0.23051095242235953
SYN-OED-086,RNF213,0.07465414257401728
SYN-OED-087,RNF213,2.1787018820626773
SYN-OED-088,RNF213,1.4523078863957917
SYN-OED-089,RNF213,0.8558223621150377
SYN-OED-090,RNF213,-1.07400902145171
SYN-OED-091,RNF213,0.5608010531719168
SYN-OED-092,RNF213,0.11335165266758476
SYN-OED-001,OAS3,-2.0782497323744558
SYN-OED-002,OAS3,-0.861741129001386
SYN-OED-003,OAS3,-1.4448027789997626
SYN-OED-004,OAS3,-0.2341112997550634
SYN-OED-005,OAS3,1.0756927379362438
SYN-OED-006,OAS3,-1.4925442194689627
SYN-OED-007,OAS3,-0.5800303723118859
SYN-OED-008,OAS3,-0.4162290114352966
SYN-OED-009,OAS3,-0.18770580487697835
SYN-OED-010,OAS3,0.5134137036515011
SYN-OED-011,OAS3,1.301767192619204
SYN-OED-012,OAS3,1.087748749427428
SYN-OED-013,OAS3,-0.809819733482401
SYN-OED-014,OAS3,1.0664364829354813
SYN-OED-015,OAS3,-0.030783814864667816
SYN-OED-016,OAS3,-1.4871655194195879
SYN-OED-017,OAS3,1.6945366389437035
SYN-OED-018,OAS3,-0.3574875121356557
SYN-OED-019,OAS3,-1.2885168362011103
SYN-OED-020,OAS3,-0.0012699357354470054
SYN-OED-021,OAS3,-0.18724778873837936
SYN-OED-022,OAS3,-0.1209969279881508
SYN-OED-023,OAS3,-0.6343871963025864
SYN-OED-024,OAS3,1.201066061480271
SYN-OED-025,OAS3,-0.646892275473261
SYN-OED-026,OAS3,1.3984485070592179
SYN-OED-027,OAS3,-0.05313388469331819
SYN-OED-028,OAS3,-0.6597940184885607
SYN-OED-029,OAS3,-1.6130036420395224
SYN-OED-030,OAS3,0.08181965047545234
SYN-OED-031,OAS3,0.4200192486764512
SYN-OED-032,OAS3,0.4516211086529923
SYN-OED-033,OAS3,-2.3758003720374217
SYN-OED-034,OAS3,1.0134090164308642
SYN-OED-035,OAS3,0.5383253947641723
SYN-OED-036,OAS3,0.18181488348364228
SYN-OED-037,OAS3,-0.6915414754677783
SYN-OED-038,OAS3,1.1746986064905243
SYN-OED-039,OAS3,-1.0323910220658543
SYN-OED-040,OAS3,-0.7691218950163005
SYN-OED-041,OAS3,0.9750982029992539
SYN-OED-042,OAS3,0.6122650140438133
SYN-OED-043,OAS3,1.3277116661687987
SYN-OED-044,OAS3,-0.15670474334135617
SYN-OED-045,OAS3,-0.10746351340876047
SYN-OED-046,OAS3,1.1050070523661084
SYN-OED-047,OAS3,-0.3086699491788869
SYN-OED-048,OAS3,0.7649415316737772
SYN-OED-049,OAS3,0.5265571112396422
SYN-OED-050,OAS3,-0.8110822071938307
SYN-OED-051,OAS3,-0.5216886631810929
SYN-OED-052,OAS3,1.8390367729069994
SYN-OED-053,OAS3,0.6151565558252101
SYN-OED-054,OAS3,0.43137287329606366
SYN-OED-055,OAS3,0.7896546410088983
SYN-OED-056,OAS3,-1.6442538202713732
SYN-OED-057,OAS3,-0.2807335404639643
SYN-OED-058,OAS3,-0.46077571060190964
SYN-OED-059,OAS3,0.05768541518030566
SYN-OED-060,OAS3,0.4501839486139186
SYN-OED-061,OAS3,-0.6353587823181438
SYN-OED-062,OAS3,1.6065956569169386
SYN-OED-063,OAS3,0.7991236755421806
SYN-OED-064,OAS3,0.4051072511576079
SYN-OED-065,OAS3,0.937300245249537
SYN-OED-066,OAS3,-0.6290789418801459
SYN-OED-067,OAS3,-0.12377927454506175
SYN-OED-068,OAS3,1.1327780123773938
SYN-OED-069,OAS3,-0.9590701717491632
SYN-OED-070,OAS3,-0.04468458307905216
SYN-OED-071,OAS3,-0.21822742214579602
SYN-OED-072,OAS3,-0.7070044110146532
SYN-OED-073,OAS3,-0.6907783991244805
SYN-OED-074,OAS3,-0.6860380768529791
SYN-OED-075,OAS3,0.9612306291631723
SYN-OED-076,OAS3,0.5704724511441361
SYN-OED-077,OAS3,0.2714251713960077
SYN-OED-078,OAS3,1.0296039739223648
SYN-OED-079,OAS3,0.784546079044484
SYN-OED-080,OAS3,0.42801930604333394
SYN-OED-081,OAS3,-0.6902105044343111
SYN-OED-082,OAS3,-0.4474583344139803
SYN-OED-083,OAS3,0.6597799338342086
SYN-OED-084,OAS3,-0.5834637539496684
SYN-OED-085,OAS3,0.2760857122756902
SYN-OED-086,OAS3,-0.3602916570409119
SYN-OED-087,OAS3,-0.9943191631903989
SYN-OED-088,OAS3,-0.932959749516733
SYN-OED-089,OAS3,-0.7651090730264284
SYN-OED-090,OAS3,0.2740374156515515
SYN-OED-091,OAS3,-2.265205777814526
SYN-OED-092,OAS3,0.10254625100755473
SYN-OED-001,IFITM3,0.686701176358465
SYN-OED-002,IFITM3,-0.40164454699520263
SYN-OED-003,IFITM3,-0.9122089266194695
SYN-OED-004,IFITM3,1.1265045315569475
SYN-OED-005,IFITM3,0.07108377484961184
SYN-OED-006,IFITM3,1.7601450841004334
SYN-OED-007,IFITM3,0.7486478295595391
SYN-OED-008,IFITM3,1.2682019818351769
SYN-OED-009,IFITM3,-0.0027122371365370544
SYN-OED-010,IFITM3,0.39039538018566616
SYN-OED-011,IFITM3,0.6723236139848049
SYN-OED-012,IFITM3,0.26648691836828103
SYN-OED-013,IFITM3,-0.723292080185457
SYN-OED-014,IFITM3,2.0854368517967745
SYN-OED-015,IFITM3,0.9593622981079963
SYN-OED-016,IFITM3,-0.10730131472819832
SYN-OED-017,IFITM3,-1.5647392484306304
SYN-OED-018,IFITM3,0.4011440529311854
SYN-OED-019,IFITM3,-0.627443128283818
SYN-OED-020,IFITM3,0.009824723287735843
SYN-OED-021,IFITM3,1.4314210177812765
SYN-OED-022,IFITM3,1.0676777379671318
SYN-OED-023,IFITM3,0.1753198521582737
SYN-OED-024,IFITM3,0.597238458738287
SYN-OED-025,IFITM3,0.6438594138681297
SYN-OED-026,IFITM3,-0.7724940284838561
SYN-OED-027,IFITM3,-1.0450240088404148
SYN-OED-028,IFITM3,-0.3857927084168127
SYN-OED-029,IFITM3,0.7113929442337642
SYN-OED-030,IFITM3,0.6891283177402786
SYN-OED-031,IFITM3,0.1515676539352116
SYN-OED-032,IFITM3,-0.5160163925117583
SYN-OED-033,IFITM3,0.6219974599836633
SYN-OED-034,IFITM3,0.2188611738544843
SYN-OED-035,IFITM3,-0.5904169503744172
SYN-OED-036,IFITM3,0.6885408699564326
SYN-OED-037,IFITM3,-2.1226821354212655
SYN-OED-038,IFITM3,1.1952302468008649
SYN-OED-039,IFITM3,0.7097846847334758
SYN-OED-040,IFITM3,1.314489395825173
SYN-OED-041,IFITM3,-2.0296677486617885
SYN-OED-042,IFITM3,-1.193403426419212
SYN-OED-043,IFITM3,0.2836736542409722
SYN-OED-044,IFITM3,-0.20090022075169572
SYN-OED-045,IFITM3,-1.6844549850495627
SYN-OED-046,IFITM3,0.490116567136796
SYN-OED-047,IFITM3,-0.7355899371649592
SYN-OED-048,IFITM3,-0.9883869614554992
SYN-OED-049,IFITM3,-0.7802544960793544
SYN-OED-050,IFITM3,-0.7520126073100853
SYN-OED-051,IFITM3,0.7907877890399276
SYN-OED-052,IFITM3,0.8781430974963567
SYN-OED-053,IFITM3,-2.2056236395882975
SYN-OED-054,IFITM3,0.15936887850791168
SYN-OED-055,IFITM3,-1.4402097241362353
SYN-OED-056,IFITM3,0.1425387362127794
SYN-OED-057,IFITM3,-1.0001661825103962
SYN-OED-058,IFITM3,1.2630783052915218
SYN-OED-059,IFITM3,0.20807015429402748
SYN-OED-060,IFITM3,-1.617196033054665
SYN-OED-061,IFITM3,0.10739004048426164
SYN-OED-062,IFITM3,0.006364545917063423
SYN-OED-063,IFITM3,0.9444564592707801
SYN-OED-064,IFITM3,-0.6104701269996222
SYN-OED-065,IFITM3,0.6717998919912452
SYN-OED-066,IFITM3,1.8615754683199297
SYN-OED-067,IFITM3,-0.8831905976099241
SYN-OED-068,IFITM3,-1.0304609028458516
SYN-OED-069,IFITM3,-0.2859766477409304
SYN-OED-070,IFITM3,0.9490658172364236
SYN-OED-071,IFITM3,0.29666011970913847
SYN-OED-072,IFITM3,0.2871398276714841
SYN-OED-073,IFITM3,-1.3292752694955816
SYN-OED-074,IFITM3,-1.2657309528374365
SYN-OED-075,IFITM3,3.380735844888286
SYN-OED-076,IFITM3,-2.033170910314416
SYN-OED-077,IFITM3,0.6289926561521999
SYN-OED-078,IFITM3,0.04271102045963283
SYN-OED-079,IFITM3,-0.2896080006662206
SYN-OED-080,IFITM3,-0.8040673624573179
SYN-OED-081,IFITM3,1.2482956224751431
SYN-OED-082,IFITM3,0.13287355143190235
SYN-OED-083,IFITM3,0.899896814711896
SYN-OED-084,IFITM3,-1.7617789657470828
SYN-OED-085,IFITM3,-0.21126404822757364
SYN-OED-086,IFITM3,-0.048839345527214494
SYN-OED-087,IFITM3,1.0179883832040328
SYN-OED-088,IFITM3,-1.549076588355796
SYN-OED-089,IFITM3,-0.1438548277508804
SYN-OED-090,IFITM3,-2.740572862745899
SYN-OED-091,IFITM3,0.22872178847789879
SYN-OED-092,IFITM3,1.7833022759651125
SYN-OED-001,BST2,0.5770866086983036
SYN-OED-002,BST2,-0.38104483829639224
SYN-OED-003,BST2,0.7602794555833483
SYN-OED-004,BST2,0.8111547434830927
SYN-OED-005,BST2,-0.26611167077148695
SYN-OED-006,BST2,-0.31461845613503203
SYN-OED-007,BST2,0.5098230079595024
SYN-OED-008,BST2,0.08613207118290109
SYN-OED-009,BST2,-0.9216682695809285
SYN-OED-010,BST2,-0.9876669374237861
SYN-OED-011,BST2,1.440982121505029
SYN-OED-012,BST2,0.342646082252944
SYN-OED-013,BST2,1.169693578601127
SYN-OED-014,BST2,1.5727925338152224
SYN-OED-015,BST2,0.7326458681791627
SYN-OED-016,BST2,-1.336021245582766
SYN-OED-017,BST2,0.4052219582050338
SYN-OED-018,BST2,-0.12823252841973778
SYN-OED-019,BST2,0.30644376461830597
SYN-OED-020,BST2,1.4891497274783003
SYN-OED-021,BST2,-1.2775636874408827
SYN-OED-022,BST2,-0.6215626234023128
SYN-OED-023,BST2,-0.33302385661762923
SYN-OED-024,BST2,-0.6345696309207752
SYN-OED-025,BST2,-0.22381410105904612
SYN-OED-026,BST2,-1.4610393411029534
SYN-OED-027,BST2,1.8407112623592152
SYN-OED-028,BST2,0.8827696103784382
SYN-OED-029,BST2,0.07483597469347261
SYN-OED-030,BST2,-1.6965324573130098
SYN-OED-031,BST2,-1.5755689697712807
SYN-OED-032,BST2,-0.6488756700504597
SYN-OED-033,BST2,-1.0796609209026002
SYN-OED-034,BST2,-1.0462936499085558
SYN-OED-035,BST2,0.31228649523898155
SYN-OED-036,BST2,-0.9916206435280167
SYN-OED-037,BST2,-1.1542073891595734
SYN-OED-038,BST2,-0.581163925964122
SYN-OED-039,BST2,0.3019810296105516
SYN-OED-040,BST2,-0.021341478041760304
SYN-OED-041,BST2,0.34910335302682927
SYN-OED-042,BST2,0.29932608948761613
SYN-OED-043,BST2,1.2635381708001503
SYN-OED-044,BST2,1.439323397905157
SYN-OED-045,BST2,-0.3077432724088428
SYN-OED-046,BST2,-0.155396204217106
SYN-OED-047,BST2,-1.1149217173264931
SYN-OED-048,BST2,1.0404574816537795
SYN-OED-049,BST2,0.41951414098610934
SYN-OED-050,BST2,-0.11310920482234206
SYN-OED-051,BST2,-0.3011202119007217
SYN-OED-052,BST2,-0.6022491444644071
SYN-OED-053,BST2,-2.6982649919851123
SYN-OED-054,BST2,-0.9689459859378773
SYN-OED-055,BST2,-0.8955886346015659
SYN-OED-056,BST2,1.077020644026622
SYN-OED-057,BST2,0.5181810286409101
SYN-OED-058,BST2,-0.04472515927905685
SYN-OED-059,BST2,-0.9597220293058528
SYN-OED-060,BST2,-0.9546454103877186
SYN-OED-061,BST2,-0.30850196291768395
SYN-OED-062,BST2,0.010894381709807284
SYN-OED-063,BST2,0.8505200376414015
SYN-OED-064,BST2,1.364653747231047
SYN-OED-065,BST2,0.29525301472956583
SYN-OED-066,BST2,1.0688296057351654
SYN-OED-067,BST2,-1.213545965219734
SYN-OED-068,BST2,0.2570305274403026
SYN-OED-069,BST2,2.169330832695022
SYN-OED-070,BST2,-1.2879892296680397
SYN-OED-071,BST2,0.8257759515923744
SYN-OED-072,BST2,-1.2606601261147257
SYN-OED-073,BST2,1.5044651848506037
SYN-OED-074,BST2,-0.2649839341250424
SYN-OED-075,BST2,-1.5770759545767683
SYN-OED-076,BST2,-0.48208110590662845
SYN-OED-077,BST2,1.20885968045605
SYN-OED-078,BST2,-0.2625574888503434
SYN-OED-079,BST2,-0.3579871241932622
SYN-OED-080,BST2,-0.6141952551164954
SYN-OED-081,BST2,-0.2513137590797896
SYN-OED-082,BST2,-0.05593521676206966
SYN-OED-083,BST2,-0.3558070637248795
SYN-OED-084,BST2,0.03825813781345116
SYN-OED-085,BST2,0.15971855489452974
SYN-OED-086,BST2,0.4422169611172871
SYN-OED-087,BST2,-0.8546467740139758
SYN-OED-088,BST2,1.157390289245232
SYN-OED-089,BST2,0.1159890149766472
SYN-OED-090,BST2,-0.15426485313319185
SYN-OED-091,BST2,-0.40071247800784104
SYN-OED-092,BST2,-0.7497864025499015
SYN-OED-001,MX1,-0.6732316153943704
SYN-OED-002,MX1,1.6523737558615534
SYN-OED-003,MX1,-1.0127776263896755
SYN-OED-004,MX1,0.02571836851298571
SYN-OED-005,MX1,0.7966144310012007
SYN-OED-006,MX1,-0.5927442396942352
SYN-OED-007,MX1,-0.3737940563224516
SYN-OED-008,MX1,0.7249092591410558
SYN-OED-009,MX1,0.44977968326287965
SYN-OED-010,MX1,-1.8382749124897197
SYN-OED-011,MX1,0.7315831782353753
SYN-OED-012,MX1,0.5857237395183089
SYN-OED-013,MX1,0.7528946968675087
SYN-OED-014,MX1,2.30125306930416
SYN-OED-015,MX1,-0.7680180989000855
SYN-OED-016,MX1,-0.35074238595205204
SYN-OED-017,MX1,0.8649837044962921
SYN-OED-018,MX1,-0.39739554213757244
SYN-OED-019,MX1,0.74673653134521
SYN-OED-020,MX1,-1.9509081371147556
SYN-OED-021,MX1,-0.27695220161193773
SYN-OED-022,MX1,0.3868799797765254
SYN-OED-023,MX1,0.6843146320212155
SYN-OED-024,MX1,-0.544901644379008
SYN-OED-025,MX1,0.676368496651766
SYN-OED-026,MX1,-0.672980058365757
SYN-OED-027,MX1,0.937435296305228
SYN-OED-028,MX1,0.17320908265800553
SYN-OED-029,MX1,-0.5667314832670944
SYN-OED-030,MX1,-0.06853876239780951
SYN-OED-031,MX1,-0.07519503540529196
SYN-OED-032,MX1,0.172071629166903
SYN-OED-033,MX1,-1.6343214352019702
SYN-OED-034,MX1,-0.8632227899656774
SYN-OED-035,MX1,0.13560571923021977
SYN-OED-036,MX1,-0.6456896328499493
SYN-OED-037,MX1,-0.13196167941194115
SYN-OED-038,MX1,-0.8850672722379396
SYN-OED-039,MX1,1.5962490025008764
SYN-OED-040,MX1,-0.8566075248661292
SYN-OED-041,MX1,0.7407995131993116
SYN-OED-042,MX1,-0.989615672115413
SYN-OED-043,MX1,-1.6024773714546687
SYN-OED-044,MX1,0.032973429064048654
SYN-OED-045,MX1,2.720429914656336
SYN-OED-046,MX1,0.6752851612858364
SYN-OED-047,MX1,0.8668065302060389
SYN-OED-048,MX1,-0.7205104087294746
SYN-OED-049,MX1,-1.204957614766118
SYN-OED-050,MX1,-0.19979539847011157
SYN-OED-051,MX1,1.4576717836274846
SYN-OED-052,MX1,0.6344801983823191
SYN-OED-053,MX1,0.5865400266465022
SYN-OED-054,MX1,-2.909483392237288
SYN-OED-055,MX1,-0.42753861645644514
SYN-OED-056,MX1,0.011735804536459619
SYN-OED-057,MX1,-0.4011105427777181
SYN-OED-058,MX1,-0.49275747498096173
SYN-OED-059,MX1,-1.9297792197233163
SYN-OED-060,MX1,-2.032976907850118
SYN-OED-061,MX1,-0.74953084834101
SYN-OED-062,MX1,-0.36792809171040736
SYN-OED-063,MX1,0.6554511539060165
SYN-OED-064,MX1,0.6554334392170457
SYN-OED-065,MX1,-0.47824160297056656
SYN-OED-066,MX1,0.2107589104072362
SYN-OED-067,MX1,0.07072516353600813
SYN-OED-068,MX1,0.568627898666832
SYN-OED-069,MX1,-0.39408735023487995
SYN-OED-070,MX1,1.3082572556162442
SYN-OED-071,MX1,-0.08437695539350083
SYN-OED-072,MX1,0.33268175508051173
SYN-OED-073,MX1,-2.358575607505887
SYN-OED-074,MX1,0.4726026200559602
SYN-OED-075,MX1,-0.5979082397647715
SYN-OED-076,MX1,-1.333699998431945
SYN-OED-077,MX1,0.0904540090909563
SYN-OED-078,MX1,-0.3185657953625451
SYN-OED-079,MX1,-0.3327478124741437
SYN-OED-080,MX1,-0.2079965252254263
SYN-OED-081,MX1,-1.2917206622774262
SYN-OED-082,MX1,-0.9251253105216295
SYN-OED-083,MX1,0.6401558651544133
SYN-OED-084,MX1,1.0997106881169731
SYN-OED-085,MX1,1.5770816516237176
SYN-OED-086,MX1,-0.10446766051878711
SYN-OED-087,MX1,-0.5776238703076912
SYN-OED-088,MX1,1.4655929537733743
SYN-OED-089,MX1,-1.8737920808211261
SYN-OED-090,MX1,1.056042416442291
SYN-OED-091,MX1,-1.0359711876706466
SYN-OED-092,MX1,-1.310223989067539
SYN-OED-001,PARP14,-0.1824374537437853
SYN-OED-002,PARP14,1.4870932172170408
SYN-OED-003,PARP14,0.03255445759998399
SYN-OED-004,PARP14,0.22775631887610234
SYN-OED-005,PARP14,-2.0454320362451766
SYN-OED-006,PARP14,1.7636521514819168
SYN-OED-007,PARP14,0.8925668028629454
SYN-OED-008,PARP14,-0.05986731046995355
SYN-OED-009,PARP14,-0.342517723104843
SYN-OED-010,PARP14,0.6921346581896669
SYN-OED-011,PARP14,0.4290791431380626
SYN-OED-012,PARP14,0.1702488288839715
SYN-OED-013,PARP14,0.03980070735555939
SYN-OED-014,PARP14,-1.1103517591695236
SYN-OED-015,PARP14,-2.23728909830983
SYN-OED-016,PARP14,0.2710100495151925
SYN-OED-017,PARP14,0.5816386472636239
SYN-OED-018,PARP14,0.5758100445081819
SYN-OED-019,PARP14,-2.7615894520822564
SYN-OED-020,PARP14,1.0986947394946092
SYN-OED-021,PARP14,-0.702982543334554
SYN-OED-022,PARP14,-0.45494065611935797
SYN-OED-023,PARP14,-0.652255256389935
SYN-OED-024,PARP14,-0.27333098442708886
SYN-OED-025,PARP14,0.73526305731384
SYN-OED-026,PARP14,-1.0339136156812834
SYN-OED-027,PARP14,-0.6902152493432553
SYN-OED-028,PARP14,-0.45614423394440795
SYN-OED-029,PARP14,-1.3205936820756463
SYN-OED-030,PARP14,-1.7246783292900716
SYN-OED-031,PARP14,-0.4452371747738182
SYN-OED-032,PARP14,0.587608625874921
SYN-OED-033,PARP14,-0.8942350269552609
SYN-OED-034,PARP14,-1.26582834475206
SYN-OED-035,PARP14,2.213333362522124
SYN-OED-036,PARP14,0.9160533930354244
SYN-OED-037,PARP14,-0.23966282304159872
SYN-OED-038,PARP14,-0.5141724771445241
SYN-OED-039,PARP14,-0.7035334210740118
SYN-OED-040,PARP14,-0.8650242324502522
SYN-OED-041,PARP14,-0.3010856160361843
SYN-OED-042,PARP14,-0.906616332971772
SYN-OED-043,PARP14,0.8941741432838826
SYN-OED-044,PARP14,0.7426512077415545
SYN-OED-045,PARP14,1.5879527579344273
SYN-OED-046,PARP14,1.1453647733068777
SYN-OED-047,PARP14,-0.22649889599529227
SYN-OED-048,PARP14,-0.9370011333586619
SYN-OED-049,PARP14,0.9904670441607569
SYN-OED-050,PARP14,-0.531851803856971
SYN-OED-051,PARP14,-0.7966010364862564
SYN-OED-052,PARP14,0.29674157365483694
SYN-OED-053,PARP14,-0.05564501836055904
SYN-OED-054,PARP14,0.7618305218151303
SYN-OED-055,PARP14,-1.5169467407467678
SYN-OED-056,PARP14,-0.0800473424645471
SYN-OED-057,PARP14,-1.0343958380083342
SYN-OED-058,PARP14,0.3768490290951615
SYN-OED-059,PARP14,0.6607920486834251
SYN-OED-060,PARP14,-1.1604633087142084
SYN-OED-061,PARP14,-1.4301900286908638
SYN-OED-062,PARP14,1.4429456467436808
SYN-OED-063,PARP14,1.19122746260993
SYN-OED-064,PARP14,-0.15027171300359699
SYN-OED-065,PARP14,-0.5413081924463713
SYN-OED-066,PARP14,-0.5540416814400687
SYN-OED-067,PARP14,-0.2509107852419476
SYN-OED-068,PARP14,0.5842876479283408
SYN-OED-069,PARP14,0.6053477065229552
SYN-OED-070,PARP14,0.7089366393348018
SYN-OED-071,PARP14,0.5576112109716255
SYN-OED-072,PARP14,0.23812629686300532
SYN-OED-073,PARP14,0.46339802892712667
SYN-OED-074,PARP14,0.23667192845960358
SYN-OED-075,PARP14,-0.6868310069303529
SYN-OED-076,PARP14,0.47498527146626096
SYN-OED-077,PARP14,0.7603383922033569
SYN-OED-078,PARP14,0.5706474115935465
SYN-OED-079,PARP14,1.2784659319672542
SYN-OED-080,PARP14,1.2033888405725917
SYN-OED-081,PARP14,1.1321421778061707
SYN-OED-082,PARP14,-0.39466314011383197
SYN-OED-083,PARP14,-0.6853478233377273
SYN-OED-084,PARP14,-1.2848136094894855
SYN-OED-085,PARP14,-0.3716765547701398
SYN-OED-086,PARP14,1.0683494378493268
SYN-OED-087,PARP14,-0.4799430293436323
SYN-OED-088,PARP14,-4.26103256197523
SYN-OED-089,PARP14,-1.164118078601346
SYN-OED-090,PARP14,-0.559914488061384
SYN-OED-091,PARP14,0.08807317964352245
SYN-OED-092,PARP14,0.40680912494660887
SYN-OED-001,GBP1,0.8540982027110285
SYN-OED-002,GBP1,0.6163010600035894
SYN-OED-003,GBP1,-0.16639503449290394
SYN-OED-004,GBP1,0.723132447990934
SYN-OED-005,GBP1,-0.31186960882564096
SYN-OED-006,GBP1,0.746549277233026
SYN-OED-007,GBP1,0.7896776302740981
SYN-OED-008,GBP1,-0.20415027101223063
SYN-OED-009,GBP1,2.054618762576714
SYN-OED-010,GBP1,0.08274299108075985
SYN-OED-011,GBP1,1.0003032742209441
SYN-OED-012,GBP1,0.22657825843075316
SYN-OED-013,GBP1,0.8324949672121051
SYN-OED-014,GBP1,0.3744959378245384
SYN-OED-015,GBP1,0.23881167533881126
SYN-OED-016,GBP1,-2.3366154817206968
SYN-OED-017,GBP1,0.16905326671979531
SYN-OED-018,GBP1,-1.0427087371308184
SYN-OED-019,GBP1,0.04723398259618209
SYN-OED-020,GBP1,0.2019538028980861
SYN-OED-021,GBP1,0.4874918943261359
SYN-OED-022,GBP1,-0.2840266231807746
SYN-OED-023,GBP1,-2.2245162576376707
SYN-OED-024,GBP1,0.4919615832438658
SYN-OED-025,GBP1,1.024038372984361
SYN-OED-026,GBP1,1.343057339210138
SYN-OED-027,GBP1,-0.4961977637195987
SYN-OED-028,GBP1,1.6988844271764163
SYN-OED-029,GBP1,1.1679787862136377
SYN-OED-030,GBP1,-0.4345590938626553
SYN-OED-031,GBP1,2.217201359628612
SYN-OED-032,GBP1,-0.20341552607643054
SYN-OED-033,GBP1,-0.7240854980275816
SYN-OED-034,GBP1,-0.8052150932483262
SYN-OED-035,GBP1,-0.4053688467613161
SYN-OED-036,GBP1,1.0358545223429012
SYN-OED-037,GBP1,0.13680500293138934
SYN-OED-038,GBP1,-1.3623581015786712
SYN-OED-039,GBP1,0.04238138482289726
SYN-OED-040,GBP1,-0.07576058498735552
SYN-OED-041,GBP1,-0.02236782971089511
SYN-OED-042,GBP1,-2.381613613717458
SYN-OED-043,GBP1,-0.5582950181754212
SYN-OED-044,GBP1,0.9134415559351571
SYN-OED-045,GBP1,1.0704855313469681
SYN-OED-046,GBP1,2.1934819566961403
SYN-OED-047,GBP1,-1.040049234419546
SYN-OED-048,GBP1,1.3011028336850683
SYN-OED-049,GBP1,1.0772667291769134
SYN-OED-050,GBP1,-0.566700415074974
SYN-OED-051,GBP1,1.5956372922761912
SYN-OED-052,GBP1,-1.7919159756217453
SYN-OED-053,GBP1,-0.18888815840299764
SYN-OED-054,GBP1,0.34890564827521914
SYN-OED-055,GBP1,1.5452403189792447
SYN-OED-056,GBP1,-0.10093388207420531
SYN-OED-057,GBP1,-0.3264268605386213
SYN-OED-058,GBP1,-0.7144912669328777
SYN-OED-059,GBP1,0.7802240904887463
SYN-OED-060,GBP1,-0.18976079692720577
SYN-OED-061,GBP1,-0.2595844647224228
SYN-OED-062,GBP1,5.771037819855156e-05
SYN-OED-063,GBP1,1.187958994089199
SYN-OED-064,GBP1,-1.4772811842668476
SYN-OED-065,GBP1,2.4032770638569882
SYN-OED-066,GBP1,-1.5928117062068734
SYN-OED-067,GBP1,-0.2912186636090606
SYN-OED-068,GBP1,0.7576336827855563
SYN-OED-069,GBP1,-0.8261716616704858
SYN-OED-070,GBP1,0.008514631237693663
SYN-OED-071,GBP1,0.9771962412461257
SYN-OED-072,GBP1,-0.2369547222568403
SYN-OED-073,GBP1,1.4356566736570338
SYN-OED-074,GBP1,-0.6499595646083124
SYN-OED-075,GBP1,1.1650221454322878
SYN-OED-076,GBP1,0.43665038039859727
SYN-OED-077,GBP1,0.856736981954119
SYN-OED-078,GBP1,-0.14742885891289262
SYN-OED-079,GBP1,-0.11528804830925499
SYN-OED-080,GBP1,-1.5402732139263016
SYN-OED-081,GBP1,1.3015311472695912
SYN-OED-082,GBP1,0.6205706461003585
SYN-OED-083,GBP1,-0.9524375853928254
SYN-OED-084,GBP1,1.4293843636353776
SYN-OED-085,GBP1,-0.5870884249643462
SYN-OED-086,GBP1,-1.4344082720917468
SYN-OED-087,GBP1,-0.8034270396034306
SYN-OED-088,GBP1,0.6178075278470931
SYN-OED-089,GBP1,0.07104068107346054
SYN-OED-090,GBP1,-0.06468997523325885
SYN-OED-091,GBP1,-1.511699415052479
SYN-OED-092,GBP1,-0.2536029490116758
SYN-OED-001,EPSTI1,-0.7450045051747678
SYN-OED-002,EPSTI1,-0.6432479551686188
SYN-OED-003,EPSTI1,-0.9513310143690117
SYN-OED-004,EPSTI1,1.1142581102340345
SYN-OED-005,EPSTI1,-1.915437808955488
SYN-OED-006,EPSTI1,-0.3420642311489711
SYN-OED-007,EPSTI1,0.9535958406055782
SYN-OED-008,EPSTI1,2.983722557383689
SYN-OED-009,EPSTI1,-1.0958722576833055
SYN-OED-010,EPSTI1,0.9384895290809361
SYN-OED-011,EPSTI1,-0.05834595033117571
SYN-OED-012,EPSTI1,-1.9990670754039397
SYN-OED-013,EPSTI1,-0.8430786367917815
SYN-OED-014,EPSTI1,0.46159015153805927
SYN-OED-015,EPSTI1,0.4554903673835924
SYN-OED-016,EPSTI1,-0.6295468630823978
SYN-OED-017,EPSTI1,-0.3869087387072379
SYN-OED-018,EPSTI1,-0.4014633529225274
SYN-OED-019,EPSTI1,-0.17635714869008084
SYN-OED-020,EPSTI1,2.238228575515545
SYN-OED-021,EPSTI1,0.219971633907909
SYN-OED-022,EPSTI1,0.6687037623597799
SYN-OED-023,EPSTI1,-1.0754862586388085
SYN-OED-024,EPSTI1,-0.9249812229899826
SYN-OED-025,EPSTI1,-0.2530076762891221
SYN-OED-026,EPSTI1,0.22074181399104037
SYN-OED-027,EPSTI1,1.8491803072685085
SYN-OED-028,EPSTI1,-0.7443793013179725
SYN-OED-029,EPSTI1,-0.7295583745816729
SYN-OED-030,EPSTI1,-0.5258801002542961
SYN-OED-031,EPSTI1,0.07181746413934104
SYN-OED-032,EPSTI1,-1.9949498003531994
SYN-OED-033,EPSTI1,0.0865171654704239
SYN-OED-034,EPSTI1,-1.4459602318186089
SYN-OED-035,EPSTI1,0.35421148393513463
SYN-OED-036,EPSTI1,1.3245835803153376
SYN-OED-037,EPSTI1,-0.4999852874104018
SYN-OED-038,EPSTI1,1.1001438482488708
SYN-OED-039,EPSTI1,0.09291047858774745
SYN-OED-040,EPSTI1,2.268445561768967
SYN-OED-041,EPSTI1,2.2439904594910693
SYN-OED-042,EPSTI1,0.0662447080363743
SYN-OED-043,EPSTI1,-1.7763355081444474
SYN-OED-044,EPSTI1,0.3492704738806292
SYN-OED-045,EPSTI1,-1.0328407825133343
SYN-OED-046,EPSTI1,-0.04970320173778975
SYN-OED-047,EPSTI1,-2.5974134979725623
SYN-OED-048,EPSTI1,0.2974228224708766
SYN-OED-049,EPSTI1,-0.37614867655954237
SYN-OED-050,EPSTI1,-0.32602507217474386
SYN-OED-051,EPSTI1,-0.06051146981219747
SYN-OED-052,EPSTI1,0.29397323337399806
SYN-OED-053,EPSTI1,0.8474898279407473
SYN-OED-054,EPSTI1,-1.668777489484002
SYN-OED-055,EPSTI1,-0.40592182177321234
SYN-OED-056,EPSTI1,-0.8138359945630123
SYN-OED-057,EPSTI1,-0.1631812773493409
SYN-OED-058,EPSTI1,1.13990601294488
SYN-OED-059,EPSTI1,0.3861360362915505
SYN-OED-060,EPSTI1,-0.6238388135096541
SYN-OED-061,EPSTI1,0.5354897238727694
SYN-OED-062,EPSTI1,-0.766231738530712
SYN-OED-063,EPSTI1,-2.2636850317772104
SYN-OED-064,EPSTI1,0.6403604438957201
SYN-OED-065,EPSTI1,0.6421192927241106
SYN-OED-066,EPSTI1,0.44262727762875803
SYN-OED-067,EPSTI1,-0.37190800253108897
SYN-OED-068,EPSTI1,-0.7935718672139755
SYN-OED-069,EPSTI1,-0.2277769384188812
SYN-OED-070,EPSTI1,-0.07301782293019143
SYN-OED-071,EPSTI1,0.23061244980247586
SYN-OED-072,EPSTI1,-0.5204430559983338
SYN-OED-073,EPSTI1,1.2690747207739803
SYN-OED-074,EPSTI1,-0.19762987635988233
SYN-OED-075,EPSTI1,1.6744797494810428
SYN-OED-076,EPSTI1,1.0745263692161238
SYN-OED-077,EPSTI1,-0.9835703162705897
SYN-OED-078,EPSTI1,-0.005006109284429973
SYN-OED-079,EPSTI1,0.2380076747825678
SYN-OED-080,EPSTI1,-0.17466699795608026
SYN-OED-081,EPSTI1,0.13933238261082806
SYN-OED-082,EPSTI1,-0.4184200718370792
SYN-OED-083,EPSTI1,-1.4249285664358018
SYN-OED-084,EPSTI1,1.1667108896551084
SYN-OED-085,EPSTI1,-0.7627562884272934
SYN-OED-086,EPSTI1,0.6327992961369304
SYN-OED-087,EPSTI1,-0.8177167189113319
SYN-OED-088,EPSTI1,-0.14706199157974892
SYN-OED-089,EPSTI1,-1.819154568458099
SYN-OED-090,EPSTI1,0.6231555540662057
SYN-OED-091,EPSTI1,0.6781689712158637
SYN-OED-092,EPSTI1,1.2258652200425015
SYN-OED-001,LY6E,-1.5298752529070097
SYN-OED-002,LY6E,1.0924493666045607
SYN-OED-003,LY6E,-1.0003298798998037
SYN-OED-004,LY6E,-0.2683208085457578
SYN-OED-005,LY6E,0.4641895314326839
SYN-OED-006,LY6E,0.1608053127966106
SYN-OED-007,LY6E,0.4255013126431501
SYN-OED-008,LY6E,-0.3808807603167083
SYN-OED-009,LY6E,0.5002023002338849
SYN-OED-010,LY6E,-1.335682933154908
SYN-OED-011,LY6E,2.3577501578063114
SYN-OED-012,LY6E,0.15646662126328195
SYN-OED-013,LY6E,0.4782142048787274
SYN-OED-014,LY6E,0.3249597279396779
SYN-OED-015,LY6E,-0.40583173326609195
SYN-OED-016,LY6E,-0.6303393449535005
SYN-OED-017,LY6E,2.609926722775123
SYN-OED-018,LY6E,0.43056564865933683
SYN-OED-019,LY6E,-0.592753186350753
SYN-OED-020,LY6E,1.2634185570294933
SYN-OED-021,LY6E,-0.9461507342982969
SYN-OED-022,LY6E,0.17493026821186242
SYN-OED-023,LY6E,0.6254074960889516
SYN-OED-024,LY6E,-0.19769197472835354
SYN-OED-025,LY6E,-0.288948317005457
SYN-OED-026,LY6E,1.4610161708795704
SYN-OED-027,LY6E,1.0300591566632664
SYN-OED-028,LY6E,-0.9412088711188701
SYN-OED-029,LY6E,0.10790842291818857
SYN-OED-030,LY6E,-0.4812105327885073
SYN-OED-031,LY6E,-0.7147486970034231
SYN-OED-032,LY6E,-1.8861658010133873
SYN-OED-033,LY6E,0.7017631145762729
SYN-OED-034,LY6E,-0.24773082689628848
SYN-OED-035,LY6E,-0.8511131720015571
SYN-OED-036,LY6E,0.012250373768988342
SYN-OED-037,LY6E,-0.87693513119083
SYN-OED-038,LY6E,-1.5821520614912186
SYN-OED-039,LY6E,0.7043767896612558
SYN-OED-040,LY6E,-2.115694605876411
SYN-OED-041,LY6E,2.2599887057777424
SYN-OED-042,LY6E,0.1628709356479855
SYN-OED-043,LY6E,-0.7467110905414409
SYN-OED-044,LY6E,-0.00033523634086861885
SYN-OED-045,LY6E,-0.19702192532976168
SYN-OED-046,LY6E,-0.8598348418438179
SYN-OED-047,LY6E,0.2848326975687357
SYN-OED-048,LY6E,0.9172177029772844
SYN-OED-049,LY6E,0.5114809931009277
SYN-OED-050,LY6E,-0.869802655411224
SYN-OED-051,LY6E,0.7711583244189878
SYN-OED-052,LY6E,-0.23121763589053476
SYN-OED-053,LY6E,-1.7443739463326569
SYN-OED-054,LY6E,-0.5502174279326574
SYN-OED-055,LY6E,0.22583394210155786
SYN-OED-056,LY6E,1.5643563435065122
SYN-OED-057,LY6E,0.26268406420009915
SYN-OED-058,LY6E,0.7631564150402397
SYN-OED-059,LY6E,0.508108063177252
SYN-OED-060,LY6E,-1.3724371353917961
SYN-OED-061,LY6E,-0.46245356489126277
SYN-OED-062,LY6E,0.309090851748937
SYN-OED-063,LY6E,-0.601325670679524
SYN-OED-064,LY6E,0.6120957481569285
SYN-OED-065,LY6E,-1.464967576691055
SYN-OED-066,LY6E,0.3180455843041973
SYN-OED-067,LY6E,0.19652018223445838
SYN-OED-068,LY6E,-0.28840052039266245
SYN-OED-069,LY6E,-1.3441640291440446
SYN-OED-070,LY6E,-0.6701168166593596
SYN-OED-071,LY6E,0.4469376727675185
SYN-OED-072,LY6E,-1.258954165252519
SYN-OED-073,LY6E,0.5010272753189611
SYN-OED-074,LY6E,0.8115672534139642
SYN-OED-075,LY6E,0.9144816279594914
SYN-OED-076,LY6E,0.5234876793378472
SYN-OED-077,LY6E,0.7053328634065074
SYN-OED-078,LY6E,0.7269473691655852
SYN-OED-079,LY6E,1.2167840692039276
SYN-OED-080,LY6E,0.5251399737880302
SYN-OED-081,LY6E,1.3698500042978026
SYN-OED-082,LY6E,1.916550222183591
SYN-OED-083,LY6E,-0.2625423486204749
SYN-OED-084,LY6E,0.06937766305569644
SYN-OED-085,LY6E,-0.9293775680578322
SYN-OED-086,LY6E,0.173535380512185
SYN-OED-087,LY6E,0.5182460732868537
SYN-OED-088,LY6E,0.6232223895016384
SYN-OED-089,LY6E,0.38452331065950734
SYN-OED-090,LY6E,0.7076576899216311
SYN-OED-091,LY6E,0.4251542988605094
SYN-OED-092,LY6E,0.10028602743787642
SYN-OED-001,LCP1,-0.22463375809390446
SYN-OED-002,LCP1,0.846385249646141
SYN-OED-003,LCP1,-1.2020411704680385
SYN-OED-004,LCP1,-0.17102980354671127
SYN-OED-005,LCP1,0.19782194769124467
SYN-OED-006,LCP1,-2.394033296645671
SYN-OED-007,LCP1,-0.33517181264346974
SYN-OED-008,LCP1,-0.8137465330539246
SYN-OED-009,LCP1,2.610292261293421
SYN-OED-010,LCP1,-0.22343404205207862
SYN-OED-011,LCP1,-0.38385023912622
SYN-OED-012,LCP1,1.4959518651747783
SYN-OED-013,LCP1,-0.32402116602712544
SYN-OED-014,LCP1,0.6179467737634227
SYN-OED-015,LCP1,0.5526924277837564
SYN-OED-016,LCP1,-0.23895275188703308
SYN-OED-017,LCP1,-0.196197057172491
SYN-OED-018,LCP1,0.26810409426727344
SYN-OED-019,LCP1,1.2348508741431108
SYN-OED-020,LCP1,0.5573123963618629
SYN-OED-021,LCP1,-0.45027339065974475
SYN-OED-022,LCP1,0.5329628998268819
SYN-OED-023,LCP1,0.28317722859305877
SYN-OED-024,LCP1,-1.9676216203376056
SYN-OED-025,LCP1,1.456063742205724
SYN-OED-026,LCP1,-0.10464742194651316
SYN-OED-027,LCP1,0.7763756006092914
SYN-OED-028,LCP1,-1.7894644205444794
SYN-OED-029,LCP1,0.6433304080528157
SYN-OED-030,LCP1,0.9187717017067758
SYN-OED-031,LCP1,1.0151657501453257
SYN-OED-032,LCP1,-1.2342383964585273
SYN-OED-033,LCP1,0.12058416908329583
SYN-OED-034,LCP1,0.36522928908495217
SYN-OED-035,LCP1,-0.4974362468115322
SYN-OED-036,LCP1,-0.2807221472213849
SYN-OED-037,LCP1,0.4794468712531559
SYN-OED-038,LCP1,1.5175099240171857
SYN-OED-039,LCP1,-0.1306054636749648
SYN-OED-040,LCP1,-0.43182907437701556
SYN-OED-041,LCP1,-0.7759124766663159
SYN-OED-042,LCP1,-0.47329246945950576
SYN-OED-043,LCP1,0.8781977747236654
SYN-OED-044,LCP1,0.8969122222732155
SYN-OED-045,LCP1,-0.5808880593438217
SYN-OED-046,LCP1,1.1552221906661653
SYN-OED-047,LCP1,0.08956480491080926
SYN-OED-048,LCP1,0.10601649679693229
SYN-OED-049,LCP1,-1.0610962921475233
SYN-OED-050,LCP1,-0.5036307387122133
SYN-OED-051,LCP1,-1.1632115659595708
SYN-OED-052,LCP1,0.11937159964234184
SYN-OED-053,LCP1,-0.6068349868858057
SYN-OED-054,LCP1,-0.4358830090132783
SYN-OED-055,LCP1,0.379985394234636
SYN-OED-056,LCP1,1.0712655251044854
SYN-OED-057,LCP1,1.2002342929814849
SYN-OED-058,LCP1,0.5797393980994605
SYN-OED-059,LCP1,0.4257556787348492
SYN-OED-060,LCP1,-1.1451699414176666
SYN-OED-061,LCP1,0.9122891751307283
SYN-OED-062,LCP1,0.23354902359927796
SYN-OED-063,LCP1,0.26697347129944343
SYN-OED-064,LCP1,0.9164705856267764
SYN-OED-065,LCP1,0.8505771574682317
SYN-OED-066,LCP1,-1.042550726932635
SYN-OED-067,LCP1,-1.921147296080053
SYN-OED-068,LCP1,0.407437233340766
SYN-OED-069,LCP1,-0.4106266962686752
SYN-OED-070,LCP1,-1.2686366756316296
SYN-OED-071,LCP1,-0.6245524276161476
SYN-OED-072,LCP1,-0.4242900083536017
SYN-OED-073,LCP1,0.19526335328549552
SYN-OED-074,LCP1,0.16599503785209924
SYN-OED-075,LCP1,-0.31617067398439896
SYN-OED-076,LCP1,1.657598460411753
SYN-OED-077,LCP1,0.2924786537451991
SYN-OED-078,LCP1,1.3682927487511578
SYN-OED-079,LCP1,-0.6353534763206315
SYN-OED-080,LCP1,-0.1685569594515644
SYN-OED-081,LCP1,-0.3993626982554682
SYN-OED-082,LCP1,-0.9278332895881849
SYN-OED-083,LCP1,0.18033534051528952
SYN-OED-084,LCP1,-0.18539488833749368
SYN-OED-085,LCP1,0.03807113813736961
SYN-OED-086,LCP1,-0.6922646466997422
SYN-OED-087,LCP1,0.4917727172939661
SYN-OED-088,LCP1,0.48946635567670344
SYN-OED-089,LCP1,0.33399556599562075
SYN-OED-090,LCP1,0.1506424947970373
SYN-OED-091,LCP1,-1.5320036706696325
SYN-OED-092,LCP1,-1.3266179209670677
SYN-OED-001,UBD,1.3084952868318387
SYN-OED-002,UBD,-0.951015550779554
SYN-OED-003,UBD,-1.0209435730768444
SYN-OED-004,UBD,-2.202978409386017
SYN-OED-005,UBD,0.011061937748204107
SYN-OED-006,UBD,0.06601070455481331
SYN-OED-007,UBD,-0.5694981266243845
SYN-OED-008,UBD,0.5843625964153485
SYN-OED-009,UBD,-1.9314469278186153
SYN-OED-010,UBD,1.0305929168609396
SYN-OED-011,UBD,0.2667647464631613
SYN-OED-012,UBD,0.9449446421308119
SYN-OED-013,UBD,1.3646543719327753
SYN-OED-014,UBD,-0.8642478544296995
SYN-OED-015,UBD,0.06860615456510126
SYN-OED-016,UBD,1.7617020838199573
SYN-OED-017,UBD,0.03955568862311328
SYN-OED-018,UBD,-0.37927365140805097
SYN-OED-019,UBD,1.4421767373143235
SYN-OED-020,UBD,0.2272406300644562
SYN-OED-021,UBD,-1.2538222581447707
SYN-OED-022,UBD,-0.030336375531741927
SYN-OED-023,UBD,-0.5052317113505497
SYN-OED-024,UBD,0.14228296262944778
SYN-OED-025,UBD,-0.4445828639895258
SYN-OED-026,UBD,1.1064979634818248
SYN-OED-027,UBD,0.026614156671636708
SYN-OED-028,UBD,-0.9415445809210766
SYN-OED-029,UBD,0.010857562773395439
SYN-OED-030,UBD,-0.1863066204383781
SYN-OED-031,UBD,0.7413268813723957
SYN-OED-032,UBD,0.04966088730651531
SYN-OED-033,UBD,0.8222677503992698
SYN-OED-034,UBD,-0.8706607369686885
SYN-OED-035,UBD,-0.32808763989041195
SYN-OED-036,UBD,0.07555619720887927
SYN-OED-037,UBD,-0.22230259357729362
SYN-OED-038,UBD,-1.9818863830504616
SYN-OED-039,UBD,0.27924248643888333
SYN-OED-040,UBD,-1.1390812652487727
SYN-OED-041,UBD,-0.186806649977914
SYN-OED-042,UBD,-0.8893749816237818
SYN-OED-043,UBD,0.7464389748987954
SYN-OED-044,UBD,-0.4310475962708042
SYN-OED-045,UBD,0.38882981160804314
SYN-OED-046,UBD,1.2350361322942727
SYN-OED-047,UBD,-1.975546361578531
SYN-OED-048,UBD,-0.9855050021785061
SYN-OED-049,UBD,0.797190094963817
SYN-OED-050,UBD,0.6670879363261901
SYN-OED-051,UBD,0.6752405639698941
SYN-OED-052,UBD,1.4866141140714064
SYN-OED-053,UBD,-1.4912675507164896
SYN-OED-054,UBD,-1.8713746354709082
SYN-OED-055,UBD,0.5724453262597111
SYN-OED-056,UBD,-1.1306740523223464
SYN-OED-057,UBD,0.43071066128344354
SYN-OED-058,UBD,0.9409880635599472
SYN-OED-059,UBD,0.004974079181800192
SYN-OED-060,UBD,0.797913992704453
SYN-OED-061,UBD,-0.47343890211408207
SYN-OED-062,UBD,-0.1411788047270772
SYN-OED-063,UBD,-2.4985378122694106
SYN-OED-064,UBD,-1.0233494464721395
SYN-OED-065,UBD,-0.12001434601347083
SYN-OED-066,UBD,1.6291735913615129
SYN-OED-067,UBD,-1.9175330004710869
SYN-OED-068,UBD,0.5315835746492237
SYN-OED-069,UBD,0.9130584692903803
SYN-OED-070,UBD,-0.5180253429247494
SYN-OED-071,UBD,-1.000538759609846
SYN-OED-072,UBD,1.064034617030324
SYN-OED-073,UBD,0.009602190862730627
SYN-OED-074,UBD,0.7347183380978212
SYN-OED-075,UBD,-1.391900538024124
SYN-OED-076,UBD,1.2395928084351062
SYN-OED-077,UBD,-1.5729296783870181
SYN-OED-078,UBD,0.33757047961204545
SYN-OED-079,UBD,0.2765641538150332
SYN-OED-080,UBD,0.30066082425289126
SYN-OED-081,UBD,-0.3886538719018023
SYN-OED-082,UBD,-1.273327759443901
SYN-OED-083,UBD,-0.11950158704854319
SYN-OED-084,UBD,0.7857646200681669
SYN-OED-085,UBD,-0.41351423058456455
SYN-OED-086,UBD,1.4516619635078356
SYN-OED-087,UBD,-1.1312913656159571
SYN-OED-088,UBD,-1.473018780574525
SYN-OED-089,UBD,-0.8069427675129716
SYN-OED-090,UBD,0.7312346076363296
SYN-OED-091,UBD,-2.020005987720304
SYN-OED-092,UBD,-0.9834493130989731
SYN-OED-001,XAF1,-0.8523965744187789
SYN-OED-002,XAF1,-0.512134164712571
SYN-OED-003,XAF1,0.9810544903612451
SYN-OED-004,XAF1,-0.5318479010098116
SYN-OED-005,XAF1,-1.2352192460192657
SYN-OED-006,XAF1,-1.9107905485641374
SYN-OED-007,XAF1,1.461710258780399
SYN-OED-008,XAF1,-0.16909178736718639
SYN-OED-009,XAF1,1.2797271628051106
SYN-OED-010,XAF1,-1.948244868104645
SYN-OED-011,XAF1,0.2727283482853849
SYN-OED-012,XAF1,-0.24150847900171485
SYN-OED-013,XAF1,0.44350864036830945
SYN-OED-014,XAF1,0.5310675087834674
SYN-OED-015,XAF1,0.09526990220194351
SYN-OED-016,XAF1,-0.6755485707518779
SYN-OED-017,XAF1,-0.7287396248563267
SYN-OED-018,XAF1,-2.1975746455087926
SYN-OED-019,XAF1,1.288821052776712
SYN-OED-020,XAF1,0.46898963277695194
SYN-OED-021,XAF1,0.8701581297545271
SYN-OED-022,XAF1,0.4689607166857313
SYN-OED-023,XAF1,0.30314058048404924
SYN-OED-024,XAF1,0.4735887621966488
SYN-OED-025,XAF1,-0.3994984529216315
SYN-OED-026,XAF1,-0.3739545799641545
SYN-OED-027,XAF1,-0.1435275203909905
SYN-OED-028,XAF1,-0.2866765096630839
SYN-OED-029,XAF1,-0.47081209235410443
SYN-OED-030,XAF1,-1.4974069353082244
SYN-OED-031,XAF1,0.06412671785581232
SYN-OED-032,XAF1,1.578763764212434
SYN-OED-033,XAF1,-0.7846496628344037
SYN-OED-034,XAF1,-0.4339888675981234
SYN-OED-035,XAF1,-0.15171129973169306
SYN-OED-036,XAF1,0.16270567241843958
SYN-OED-037,XAF1,0.9756850221703541
SYN-OED-038,XAF1,-1.1532846199389413
SYN-OED-039,XAF1,0.9706229952900912
SYN-OED-040,XAF1,1.4237417012869868
SYN-OED-041,XAF1,-0.7482102840206575
SYN-OED-042,XAF1,-1.187772426049501
SYN-OED-043,XAF1,1.9920458257173528
SYN-OED-044,XAF1,0.6748672009785568
SYN-OED-045,XAF1,1.912400471464278
SYN-OED-046,XAF1,-0.13061170777280973
SYN-OED-047,XAF1,-0.540543940636369
SYN-OED-048,XAF1,0.5429665830925494
SYN-OED-049,XAF1,-0.9605284003905143
SYN-OED-050,XAF1,0.5681040249200758
SYN-OED-051,XAF1,1.0199518764200688
SYN-OED-052,XAF1,0.9646008103284599
SYN-OED-053,XAF1,0.9447091950532992
SYN-OED-054,XAF1,-1.1258852548224758
SYN-OED-055,XAF1,0.2765438799150346
SYN-OED-056,XAF1,0.8271184966444565
SYN-OED-057,XAF1,0.3755487261267887
SYN-OED-058,XAF1,-0.43875752983224187
SYN-OED-059,XAF1,-0.3076695816583213
SYN-OED-060,XAF1,-0.46098482054974604
SYN-OED-061,XAF1,0.7231624364877972
SYN-OED-062,XAF1,1.1678141003846156
SYN-OED-063,XAF1,0.6297024530586709
SYN-OED-064,XAF1,-0.2103337393365901
SYN-OED-065,XAF1,-1.2585998291000036
SYN-OED-066,XAF1,0.33992122432043675
SYN-OED-067,XAF1,0.23607357241159796
SYN-OED-068,XAF1,-0.06848284117945946
SYN-OED-069,XAF1,1.3974755850043945
SYN-OED-070,XAF1,-1.0236731686591447
SYN-OED-071,XAF1,-1.1406203334978449
SYN-OED-072,XAF1,-2.158282653085985
SYN-OED-073,XAF1,1.2856943539987145
SYN-OED-074,XAF1,0.3238425899316116
SYN-OED-075,XAF1,0.3507467338938653
SYN-OED-076,XAF1,-1.8903992656428965
SYN-OED-077,XAF1,-0.1874794683703721
SYN-OED-078,XAF1,-0.6105147119428933
SYN-OED-079,XAF1,-0.7849095795828996
SYN-OED-080,XAF1,-1.0365737455522261
SYN-OED-081,XAF1,-0.6477879384604223
SYN-OED-082,XAF1,-0.7574397878461149
SYN-OED-083,XAF1,0.8118962754882214
SYN-OED-084,XAF1,0.9152221208847928
SYN-OED-085,XAF1,0.7485086729156045
SYN-OED-086,XAF1,-0.13551645068397405
SYN-OED-087,XAF1,2.1101743940452753
SYN-OED-088,XAF1,-1.4760065301463348
SYN-OED-089,XAF1,-0.2997340254620167
SYN-OED-090,XAF1,-1.1822947072751997
SYN-OED-091,XAF1,-1.0613417870066388
SYN-OED-092,XAF1,-0.1341084193248747
SYN-OED-001,C1QC,-0.08390342236889879
SYN-OED-002,C1QC,0.7171898927926331
SYN-OED-003,C1QC,-0.016061218768452113
SYN-OED-004,C1QC,-0.9010234252631306
SYN-OED-005,C1QC,-1.494736004410218
SYN-OED-006,C1QC,0.9938507932384221
SYN-OED-007,C1QC,0.5486564824964251
SYN-OED-008,C1QC,0.3300564224690133
SYN-OED-009,C1QC,0.023704219721144382
SYN-OED-010,C1QC,1.2514716444180014
SYN-OED-011,C1QC,0.44287399956501455
SYN-OED-012,C1QC,1.443373168129953
SYN-OED-013,C1QC,0.9500639640850111
SYN-OED-014,C1QC,-1.5831723932165311
SYN-OED-015,C1QC,-0.9401091302282644
SYN-OED-016,C1QC,-0.9115916208197928
SYN-OED-017,C1QC,1.2825477629796935
SYN-OED-018,C1QC,1.3183508524339684
SYN-OED-019,C1QC,0.654686100063327
SYN-OED-020,C1QC,-0.8785024616410172
SYN-OED-021,C1QC,0.2864915245612984
SYN-OED-022,C1QC,-2.094831280859609
SYN-OED-023,C1QC,-0.4513878653947929
SYN-OED-024,C1QC,-1.501089800699018
SYN-OED-025,C1QC,2.974503072827086
SYN-OED-026,C1QC,0.7688400137242067
SYN-OED-027,C1QC,-0.2840491789596194
SYN-OED-028,C1QC,1.2471065599673294
SYN-OED-029,C1QC,1.6397192810772245
SYN-OED-030,C1QC,-0.9813532370317904
SYN-OED-031,C1QC,0.3513586536131732
SYN-OED-032,C1QC,0.072833181740578
SYN-OED-033,C1QC,-1.8466953263305363
SYN-OED-034,C1QC,-1.5057228508293585
SYN-OED-035,C1QC,0.020292230219720465
SYN-OED-036,C1QC,0.8698629631339254
SYN-OED-037,C1QC,-0.8298127096831268
SYN-OED-038,C1QC,1.243232390301934
SYN-OED-039,C1QC,0.027462094659267813
SYN-OED-040,C1QC,-0.3439322898173287
SYN-OED-041,C1QC,1.1374631506816728
SYN-OED-042,C1QC,-1.9226347350677637
SYN-OED-043,C1QC,1.4005950971688563
SYN-OED-044,C1QC,0.6934705460872609
SYN-OED-045,C1QC,1.249907063840235
SYN-OED-046,C1QC,1.0633331597935338
SYN-OED-047,C1QC,-0.48470941844112897
SYN-OED-048,C1QC,-0.7819144237231578
SYN-OED-049,C1QC,-1.0402652577581952
SYN-OED-050,C1QC,0.07760597954787243
SYN-OED-051,C1QC,-0.42464620518048085
SYN-OED-052,C1QC,0.41302729156583623
SYN-OED-053,C1QC,-0.18273899304179503
SYN-OED-054,C1QC,-1.8126542511619526
SYN-OED-055,C1QC,-1.009146552150724
SYN-OED-056,C1QC,1.2390910756509574
SYN-OED-057,C1QC,0.34402326008829626
SYN-OED-058,C1QC,0.0658257709068083
SYN-OED-059,C1QC,0.7604163620779661
SYN-OED-060,C1QC,-1.3417207156727209
SYN-OED-061,C1QC,1.4721200329271231
SYN-OED-062,C1QC,-0.7218024286785916
SYN-OED-063,C1QC,-1.4821162763932099
SYN-OED-064,C1QC,-0.9760088922060008
SYN-OED-065,C1QC,-0.575832270031633
SYN-OED-066,C1QC,1.6579907503997384
SYN-OED-067,C1QC,-0.6949040135511251
SYN-OED-068,C1QC,-2.0388271903487447
SYN-OED-069,C1QC,-0.9834375039489535
SYN-OED-070,C1QC,-0.05132040461504847
SYN-OED-071,C1QC,1.9097465524993318
SYN-OED-072,C1QC,0.3693110605109263
SYN-OED-073,C1QC,0.5055756324992636
SYN-OED-074,C1QC,-0.0059385704339599
SYN-OED-075,C1QC,-0.8854228666606481
SYN-OED-076,C1QC,-0.3012294543321152
SYN-OED-077,C1QC,0.7454990926290377
SYN-OED-078,C1QC,0.10088862176329928
SYN-OED-079,C1QC,-0.5995107138682515
SYN-OED-080,C1QC,-0.6908738512711987
SYN-OED-081,C1QC,-1.6988349291650073
SYN-OED-082,C1QC,-1.7581410333206944
SYN-OED-083,C1QC,1.0617899008555691
SYN-OED-084,C1QC,-0.20144600759588616
SYN-OED-085,C1QC,0.25023096648752047
SYN-OED-086,C1QC,-0.6839728762902342
SYN-OED-087,C1QC,2.4277543106423165
SYN-OED-088,C1QC,-0.5318812002334858
SYN-OED-089,C1QC,0.34518334269797185
SYN-OED-090,C1QC,-0.15805251294211167
SYN-OED-091,C1QC,-1.1855199979317563
SYN-OED-092,C1QC,-0.4000255122254455
SYN-OED-001,TAP1,-0.2710329573568713
SYN-OED-002,TAP1,0.14469762625002036
SYN-OED-003,TAP1,-0.36164734113379243
SYN-OED-004,TAP1,0.4323809344081226
SYN-OED-005,TAP1,-0.6087275488698535
SYN-OED-006,TAP1,-0.5699918117478228
SYN-OED-007,TAP1,2.1321310092546186
SYN-OED-008,TAP1,1.0647350029011287
SYN-OED-009,TAP1,1.4660889798295333
SYN-OED-010,TAP1,0.5251884031468963
SYN-OED-011,TAP1,-1.8323222828221837
SYN-OED-012,TAP1,-0.14431624287462308
SYN-OED-013,TAP1,0.18900773705417648
SYN-OED-014,TAP1,-1.5365324107725653
SYN-OED-015,TAP1,-0.8452790501369694
SYN-OED-016,TAP1,2.023533548574852
SYN-OED-017,TAP1,2.7407517258388476
SYN-OED-018,TAP1,-0.2323097492934393
SYN-OED-019,TAP1,0.8545021044555354
SYN-OED-020,TAP1,-0.6644975204244035
SYN-OED-021,TAP1,-1.839041926426119
SYN-OED-022,TAP1,0.5171825775608608
SYN-OED-023,TAP1,-0.5017663708882897
SYN-OED-024,TAP1,1.3753565176978861
SYN-OED-025,TAP1,0.2472886699193352
SYN-OED-026,TAP1,1.250272412053098
SYN-OED-027,TAP1,-1.7394287799347128
SYN-OED-028,TAP1,-1.455542954845705
SYN-OED-029,TAP1,1.9476443432546688
SYN-OED-030,TAP1,0.6351886762814243
SYN-OED-031,TAP1,0.35562835177742197
SYN-OED-032,TAP1,1.7089330095413078
SYN-OED-033,TAP1,0.23566670198091705
SYN-OED-034,TAP1,-0.4315215267354922
SYN-OED-035,TAP1,-0.19452464345522463
SYN-OED-036,TAP1,1.9784248028787337
SYN-OED-037,TAP1,0.5973022045924673
SYN-OED-038,TAP1,1.1828694961913042
SYN-OED-039,TAP1,-0.633834040778441
SYN-OED-040,TAP1,-0.16525761304238928
SYN-OED-041,TAP1,0.7083092588114462
SYN-OED-042,TAP1,0.9586749565395978
SYN-OED-043,TAP1,0.9970461132164858
SYN-OED-044,TAP1,0.16628878463403798
SYN-OED-045,TAP1,-0.013643675527699715
SYN-OED-046,TAP1,-0.021481696670978944
SYN-OED-047,TAP1,-1.4217345885912678
SYN-OED-048,TAP1,0.5247996332428589
SYN-OED-049,TAP1,1.2640687559528399
SYN-OED-050,TAP1,0.9538924885620436
SYN-OED-051,TAP1,-0.2723771210362811
SYN-OED-052,TAP1,-4.198461517666703
SYN-OED-053,TAP1,1.8365224317356648
SYN-OED-054,TAP1,-0.08302021911083654
SYN-OED-055,TAP1,-0.07372049771694408
SYN-OED-056,TAP1,-1.4349213640789078
SYN-OED-057,TAP1,1.124630354037525
SYN-OED-058,TAP1,-1.3773149267178952
SYN-OED-059,TAP1,-0.9745479330857615
SYN-OED-060,TAP1,-1.157750152006186
SYN-OED-061,TAP1,-0.1881471057527567
SYN-OED-062,TAP1,0.03201926237647217
SYN-OED-063,TAP1,0.9934114675154204
SYN-OED-064,TAP1,-0.08258400943889867
SYN-OED-065,TAP1,0.5065195270500212
SYN-OED-066,TAP1,0.9749175289745143
SYN-OED-067,TAP1,-0.2089773960069274
SYN-OED-068,TAP1,0.2827092139716156
SYN-OED-069,TAP1,-2.0737165251412546
SYN-OED-070,TAP1,1.6547386629650502
SYN-OED-071,TAP1,1.5617313620758095
SYN-OED-072,TAP1,0.06558868821529056
SYN-OED-073,TAP1,2.061668088986388
SYN-OED-074,TAP1,-0.5932559971895563
SYN-OED-075,TAP1,-1.4558247217284392
SYN-OED-076,TAP1,-1.4941433067014893
SYN-OED-077,TAP1,-1.6228116739807845
SYN-OED-078,TAP1,-1.369116630351351
SYN-OED-079,TAP1,0.2020654791933745
SYN-OED-080,TAP1,-1.0405989354663927
SYN-OED-081,TAP1,2.1132777240156195
SYN-OED-082,TAP1,-0.3247658086433374
SYN-OED-083,TAP1,-0.7924759958214072
SYN-OED-084,TAP1,-1.7206826654340803
SYN-OED-085,TAP1,-0.16356925743361422
SYN-OED-086,TAP1,0.41127021049020995
SYN-OED-087,TAP1,1.752432676238495
SYN-OED-088,TAP1,-0.46272424956039143
SYN-OED-089,TAP1,-0.6529341175029716
SYN-OED-090,TAP1,-1.3667038477182307
SYN-OED-091,TAP1,0.5282668719494702
SYN-OED-092,TAP1,-0.433793147221567
SYN-OED-001,LAPTM5,-2.957490081250106
SYN-OED-002,LAPTM5,0.20160165354609125
SYN-OED-003,LAPTM5,0.8263397600105991
SYN-OED-004,LAPTM5,-0.23487197613784447
SYN-OED-005,LAPTM5,1.1564961352960315
SYN-OED-006,LAPTM5,1.5120880699741146
SYN-OED-007,LAPTM5,-0.9695673418657647
SYN-OED-008,LAPTM5,0.47131421573120064
SYN-OED-009,LAPTM5,-0.9893523974751712
SYN-OED-010,LAPTM5,0.006387858990918065
SYN-OED-011,LAPTM5,-0.34100064535904406
SYN-OED-012,LAPTM5,-0.6798304395064891
SYN-OED-013,LAPTM5,1.1438080087251106
SYN-OED-014,LAPTM5,0.8841881411437873
SYN-OED-015,LAPTM5,0.11230947810045554
SYN-OED-016,LAPTM5,0.7937670001876072
SYN-OED-017,LAPTM5,0.9938232324085106
SYN-OED-018,LAPTM5,-1.349822901948031
SYN-OED-019,LAPTM5,0.3628588570196197
SYN-OED-020,LAPTM5,-0.1109952259507081
SYN-OED-021,LAPTM5,1.5917964976921877
SYN-OED-022,LAPTM5,-0.2093085218916485
SYN-OED-023,LAPTM5,-0.6268288456423123
SYN-OED-024,LAPTM5,2.003875518099372
SYN-OED-025,LAPTM5,-0.3839114675317273
SYN-OED-026,LAPTM5,1.5459242582340742
SYN-OED-027,LAPTM5,-1.6968803737864044
SYN-OED-028,LAPTM5,0.7736662933499207
SYN-OED-029,LAPTM5,-1.2980292902915365
SYN-OED-030,LAPTM5,-0.009907356913913248
SYN-OED-031,LAPTM5,0.8029754885750291
SYN-OED-032,LAPTM5,-0.1439906777565579
SYN-OED-033,LAPTM5,0.9404100233023495
SYN-OED-034,LAPTM5,-0.6232475392456803
SYN-OED-035,LAPTM5,-0.9124184612390701
SYN-OED-036,LAPTM5,0.31107890927310794
SYN-OED-037,LAPTM5,1.5975772961658181
SYN-OED-038,LAPTM5,-0.9589378354329838
SYN-OED-039,LAPTM5,1.5088326592699024
SYN-OED-040,LAPTM5,0.24197976023654094
SYN-OED-041,LAPTM5,0.13688841568627902
SYN-OED-042,LAPTM5,-0.3899870340561956
SYN-OED-043,LAPTM5,-0.7638574495855407
SYN-OED-044,LAPTM5,-0.9872332011232896
SYN-OED-045,LAPTM5,0.38907306392545504
SYN-OED-046,LAPTM5,1.8276275823313908
SYN-OED-047,LAPTM5,0.3172857423583576
SYN-OED-048,LAPTM5,0.44417130835615753
SYN-OED-049,LAPTM5,0.21006049703926918
SYN-OED-050,LAPTM5,-0.9613000950295806
SYN-OED-051,LAPTM5,-0.8700984494066714
SYN-OED-052,LAPTM5,-0.6885623635971918
SYN-OED-053,LAPTM5,-0.7007599401799897
SYN-OED-054,LAPTM5,-0.2963955005215237
SYN-OED-055,LAPTM5,0.7721963823859418
SYN-OED-056,LAPTM5,-1.0254433388598712
SYN-OED-057,LAPTM5,-0.5029823881191737
SYN-OED-058,LAPTM5,-0.5812868658302236
SYN-OED-059,LAPTM5,1.9255125529122499
SYN-OED-060,LAPTM5,0.6291026955327322
SYN-OED-061,LAPTM5,-0.25704269501270977
SYN-OED-062,LAPTM5,0.4943882142221985
SYN-OED-063,LAPTM5,-0.33123227296269075
SYN-OED-064,LAPTM5,1.1990301841773443
SYN-OED-065,LAPTM5,0.5715921032306903
SYN-OED-066,LAPTM5,1.2227658666403287
SYN-OED-067,LAPTM5,0.4626579311034106
SYN-OED-068,LAPTM5,-1.2438237604684166
SYN-OED-069,LAPTM5,-0.5910579347809276
SYN-OED-070,LAPTM5,-1.5620949528409467
SYN-OED-071,LAPTM5,-1.2665686307965311
SYN-OED-072,LAPTM5,0.34983337409779064
SYN-OED-073,LAPTM5,0.5311008822410448
SYN-OED-074,LAPTM5,0.8698973178625437
SYN-OED-075,LAPTM5,-1.9116838662184819
SYN-OED-076,LAPTM5,0.9708936872179148
SYN-OED-077,LAPTM5,-1.1883842816805168
SYN-OED-078,LAPTM5,-2.2170421506827993
SYN-OED-079,LAPTM5,-0.4444376682395561
SYN-OED-080,LAPTM5,-0.6057944539956582
SYN-OED-081,LAPTM5,0.9400320140478263
SYN-OED-082,LAPTM5,-0.21552047842186126
SYN-OED-083,LAPTM5,0.4378577761193864
SYN-OED-084,LAPTM5,0.8928174513341144
SYN-OED-085,LAPTM5,-0.04461463993785624
SYN-OED-086,LAPTM5,-0.4203255392367726
SYN-OED-087,LAPTM5,-0.4547963027615359
SYN-OED-088,LAPTM5,-1.008114770898842
SYN-OED-089,LAPTM5,-1.1177415747329875
SYN-OED-090,LAPTM5,0.40560324448786256
SYN-OED-091,LAPTM5,0.16136269102606304
SYN-OED-092,LAPTM5,0.5917498282002688
SYN-OED-001,C1QA,-0.3344008295092521
SYN-OED-002,C1QA,-0.9717763956039653
SYN-OED-003,C1QA,0.7759789133700037
SYN-OED-004,C1QA,-0.9268492816015991
SYN-OED-005,C1QA,-1.0095152875094109
SYN-OED-006,C1QA,0.4012404500825616
SYN-OED-007,C1QA,-0.674168812043441
SYN-OED-008,C1QA,-0.4451309232588369
SYN-OED-009,C1QA,0.5839601036171881
SYN-OED-010,C1QA,-1.606350794470379
SYN-OED-011,C1QA,-1.3982087291958367
SYN-OED-012,C1QA,-1.4311871167044603
SYN-OED-013,C1QA,0.26487386245025474
SYN-OED-014,C1QA,-0.5238626589344889
SYN-OED-015,C1QA,0.46721758367231786
SYN-OED-016,C1QA,-0.5287626884727094
SYN-OED-017,C1QA,1.4945171834188016
SYN-OED-018,C1QA,0.4248144736451839
SYN-OED-019,C1QA,-2.012665703471377
SYN-OED-020,C1QA,-0.05000573303053544
SYN-OED-021,C1QA,0.2019039539202799
SYN-OED-022,C1QA,0.2791498294142692
SYN-OED-023,C1QA,1.538642122866162
SYN-OED-024,C1QA,1.1923389335335692
SYN-OED-025,C1QA,-0.9431923578339014
SYN-OED-026,C1QA,-0.568412935420369
SYN-OED-027,C1QA,0.9998594984530221
SYN-OED-028,C1QA,0.9600153864597922
SYN-OED-029,C1QA,1.4594539058435745
SYN-OED-030,C1QA,0.3494461635935564
SYN-OED-031,C1QA,-0.12401595142531334
SYN-OED-032,C1QA,-0.2636942632920053
SYN-OED-033,C1QA,1.89634523099848
SYN-OED-034,C1QA,-1.1178816487488386
SYN-OED-035,C1QA,1.389592666950509
SYN-OED-036,C1QA,-0.26325998037809156
SYN-OED-037,C1QA,-0.6281154345944474
SYN-OED-038,C1QA,-0.9326034321913067
SYN-OED-039,C1QA,-0.7628427307769798
SYN-OED-040,C1QA,0.4267920876325121
SYN-OED-041,C1QA,0.7037085061529357
SYN-OED-042,C1QA,0.6232945133792199
SYN-OED-043,C1QA,-0.3820224212359947
SYN-OED-044,C1QA,0.1407765635050923
SYN-OED-045,C1QA,-1.187481508134328
SYN-OED-046,C1QA,-0.40093391805806433
SYN-OED-047,C1QA,-0.09880963690074894
SYN-OED-048,C1QA,0.3242489731519069
SYN-OED-049,C1QA,-0.9654485430055554
SYN-OED-050,C1QA,0.47802528674734623
SYN-OED-051,C1QA,-0.8484922956553899
SYN-OED-052,C1QA,-0.24050712521190973
SYN-OED-053,C1QA,0.26786749603756455
SYN-OED-054,C1QA,0.4459985384939559
SYN-OED-055,C1QA,-0.4825841620809627
SYN-OED-056,C1QA,0.7601210156739966
SYN-OED-057,C1QA,-0.316052328582871
SYN-OED-058,C1QA,-0.17074006687185983
SYN-OED-059,C1QA,-0.935671369860973
SYN-OED-060,C1QA,-0.34222191467708696
SYN-OED-061,C1QA,-0.3638660799795244
SYN-OED-062,C1QA,1.79180313365496
SYN-OED-063,C1QA,0.5990289586258994
SYN-OED-064,C1QA,0.4815065374919515
SYN-OED-065,C1QA,-0.06578169237016429
SYN-OED-066,C1QA,-0.010404692946885457
SYN-OED-067,C1QA,-0.08650677514234802
SYN-OED-068,C1QA,0.010679677615500406
SYN-OED-069,C1QA,0.8056211203263348
SYN-OED-070,C1QA,0.39832447509529556
SYN-OED-071,C1QA,-1.9772518480673604
SYN-OED-072,C1QA,0.435901745808333
SYN-OED-073,C1QA,1.5527815984065345
SYN-OED-074,C1QA,-0.866985117657839
SYN-OED-075,C1QA,0.5410233342507845
SYN-OED-076,C1QA,0.6309183949553256
SYN-OED-077,C1QA,0.7215672054940355
SYN-OED-078,C1QA,-0.24046794571729663
SYN-OED-079,C1QA,1.6063422494818227
SYN-OED-080,C1QA,-1.341266538552643
SYN-OED-081,C1QA,0.5732988292873755
SYN-OED-082,C1QA,0.37723640569319866
SYN-OED-083,C1QA,-0.42538449422735725
SYN-OED-084,C1QA,0.23110442142623605
SYN-OED-085,C1QA,0.27149543327431336
SYN-OED-086,C1QA,-0.672028427774275
SYN-OED-087,C1QA,-0.2191033134582458
SYN-OED-088,C1QA,-1.5116135875065744
SYN-OED-089,C1QA,0.06212680057131266
SYN-OED-090,C1QA,-0.35260314795753944
SYN-OED-091,C1QA,0.45337151603352627
SYN-OED-092,C1QA,-0.7605966837815413
